2122423217,13690,Kwan Liu Ma,512,10383,303,1,6096,43,\N
2083449707,13524,Thomas Ertl,617,10241,268,2,4290,37,\N
2025685111,14218,Daniel Weiskopf,392,6450,223,3,3605,33,\N
2147343253,13047,Daniel A. Keim,488,19849,215,4,6853,45,\N
2122502592,13748,Bernd Hamann,512,7157,188,5,2035,25,\N
2237445521,14151,Hans Hagen,394,4806,165,6,2447,30,\N
332475898,14224,Bernhard Preim,535,4000,159,7,1906,24,\N
572302453,12688,Nassir Navab,1327,23435,144,8,2051,24,\N
2080617136,14423,Alexandru Telea,334,4419,135,9,2051,26,\N
2150576810,13590,ClÃ¡udio T. Silva,366,11253,129,10,3400,29,\N
2076420186,14887,Sheelagh Carpendale,233,2707,126,11,3208,39,\N
2044057687,14659,Gerik Scheuermann,257,3467,125,12,2220,29,\N
2087252583,13418,John Stasko,279,12060,123,13,6256,35,\N
2138458960,14414,Helwig Hauser,195,5698,123,14,4330,38,\N
2136127216,14026,David S. Ebert,358,6822,119,15,2482,25,\N
2158935544,14885,Jarke J. van Wijk,75,3388,118,16,4947,47,\N
2059591427,13823,Charles Hansen,250,7436,117,17,3582,29,\N
2132849971,13236,Arie E. Kaufman,436,13348,117,18,2400,25,1
2103237498,14786,Huamin Qu,231,3606,114,19,2390,26,\N
2136258827,14674,Han Wei Shen,209,3925,111,20,1779,25,\N
2296065211,13992,Valerio Pascucci,330,7438,110,21,2549,26,\N
2471229198,14927,Takayuki Itoh,241,1697,109,22,437,9,\N
2120088882,14475,Kenneth I. Joy,247,3773,108,23,1500,20,\N
720721530,15045,Robert S. Laramee,164,2853,106,24,2427,23,\N
2157611257,14321,Chris North,205,5674,105,25,3722,31,\N
668764113,11870,Ben Shneiderman,758,49467,104,26,13113,40,1
2571495213,13120,Min Chen,868,21779,104,27,1953,22,\N
2123746788,13989,David H. Laidlaw,255,7566,103,28,2962,27,\N
242315540,15248,Andreas Kerren,210,1469,101,29,1004,14,\N
2107935922,14638,Heidrun Schumann,224,3948,100,30,2985,27,\N
2166896707,15251,Hank Childs,157,1678,99,31,876,14,\N
2154968417,14220,Jean Daniel Fekete,205,6911,98,32,3496,29,\N
2193108720,14164,Christopher R. Johnson,268,5879,95,33,2393,23,\N
2139317975,15313,Mao Lin Huang,186,1238,95,34,926,14,\N
1992120996,14207,William Ribarsky,186,4642,94,35,1929,25,\N
2029452627,14899,Torsten Kuhlen,294,2062,91,36,809,15,\N
2193023912,14888,Niklas Elmqvist,178,3647,91,37,2124,23,\N
403640012,14413,Georges Grinstein,194,3390,91,38,1825,18,\N
2102216805,13076,Qi Tian,869,20337,90,39,2163,27,\N
100176519,13379,Dieter Schmalstieg,488,11704,88,40,1952,26,\N
2162237831,14205,Klaus Mueller,275,5534,88,41,1263,20,\N
2762167099,15474,Eduard GrÃ¶ller,99,1517,88,42,1440,30,\N
2998626336,20235,Wei Chen,2,11,86,43,770,14,\N
154171363,14933,JÃ¼rgen DÃ¶llner,227,2365,86,44,874,17,\N
2111902190,13104,Terry M. Peters,492,15463,85,45,2045,22,\N
2102290556,13297,Hanspeter Pfister,413,15937,85,46,3241,29,1
908076792,12180,Ron Kikinis,720,48433,85,47,8559,32,\N
237265413,14045,Gennady Andrienko,272,8168,84,48,3299,28,\N
2099306614,14247,Michele Lanza,238,7200,84,49,2888,30,\N
2608045918,15440,Michael Burch,127,2007,84,50,1185,19,\N
2140022242,14283,Bongshin Lee,239,5986,84,51,2197,24,\N
2163537161,14083,Jason Leigh,218,3999,81,52,1815,26,\N
1983982202,14139,Natalia Andrienko,246,7356,80,53,3248,27,\N
2116548023,14885,Kang Zhang,300,1811,78,54,403,10,\N
2230931838,15384,Lars Linsen,192,1107,77,55,466,12,\N
2150898947,15171,Jonathan C. Roberts,160,2156,76,56,1463,17,\N
322212130,15170,Koji Koyamada,205,949,76,57,251,9,\N
2103651567,14286,Menno Jan Kraak,414,3812,76,58,2153,18,\N
1982604454,12689,Bahram Javidi,974,23189,76,59,1089,13,\N
2144192189,14891,Jason Dykes,171,2796,76,60,1973,22,\N
1984815221,15408,Ivan Viola,141,1839,75,61,715,15,\N
2570943861,15151,James Ahrens,143,2189,75,62,1350,16,\N
216611935,13560,Catherine Plaisant,271,10537,74,63,3864,28,\N
347101016,14472,Michael E. Papka,198,2693,74,64,1311,19,\N
2116268014,13681,Weisi Lin,513,12266,73,65,2843,27,\N
1672749942,15156,Tobias Isenberg,166,2498,73,66,1108,20,\N
2777710565,15085,Issei Fujishiro,218,1253,73,67,426,11,\N
1970486785,14970,Nobuyuki Fujisawa,289,1136,71,68,463,11,\N
193994343,14273,Silvia Miksch,266,5291,71,69,1996,21,\N
2149922296,14677,Wen Jei Yang,287,1794,71,70,123,6,\N
2143063412,15420,Robert J. Moorhead,136,1208,71,71,653,11,\N
1976763668,14794,Peer Timo Bremer,224,3124,71,72,1173,15,\N
2020036024,15687,Christoph Garth,99,1443,70,73,1159,19,\N
2122885999,15181,Takashi Yamane,198,1258,69,74,715,15,\N
213850259,14938,Holger Theisel,194,3033,69,75,1594,25,\N
2009043698,15216,Anna Vilanova,174,2278,69,76,924,17,\N
2112690490,13703,Jeffrey Heer,164,11790,69,77,8491,38,\N
2235134787,14694,Hans Christian Hege,286,3538,68,78,1574,21,\N
2806002416,15867,Tobias Schreck,127,612,68,79,978,17,\N
2193668785,14316,Andrew Johnson,207,3182,68,80,1314,22,\N
1273432415,15887,E. Wes Bethel,94,775,68,81,466,12,\N
2081123835,15520,Ming C. Hao,129,1349,67,82,723,13,\N
2230366395,13801,Kazuyoshi Takayama,633,5476,66,83,580,14,\N
2373764766,16042,Quang Vinh Nguyen,110,530,65,84,383,8,\N
2424001649,15010,Gunther H. Weber,122,1868,65,85,727,15,\N
2111668110,15193,Petra Isenberg,112,2732,64,86,1940,24,\N
2147723296,15319,Xiaoru Yuan,140,2119,64,87,679,14,\N
2111177146,14756,Shixia Liu,162,4354,63,88,2341,25,\N
220305330,14549,Martin J. Eppler,317,4298,63,89,888,13,\N
2151081949,14937,Frits H. Post,123,3051,63,90,2165,23,\N
2147514866,14078,Chaomei Chen,230,8333,63,91,3641,22,\N
2101761023,15553,Nan Cao,116,1578,62,92,959,17,\N
2131773813,14578,Deborah Silver,135,4016,62,93,2360,18,\N
2143783256,14291,Katy BÃ¶rner,242,6035,62,94,1243,17,\N
292280582,15391,Timo Ropinski,163,1505,62,95,755,14,\N
2208814380,15649,Chaoli Wang,104,1390,62,96,701,14,\N
2114960163,14463,Yoshifuru Saito,354,860,61,97,25,3,\N
689294964,13010,Umeshwar Dayal,351,15127,61,98,1033,19,1
2155481213,15540,Achim Ebert,178,657,61,99,348,10,\N
2133897809,14030,Sang Joon Lee,569,6821,61,100,901,17,\N
2119202230,15348,Daniel F. Keefe,156,1420,60,101,727,15,\N
2030366862,15286,Christopher G. Healey,106,2123,60,102,1690,20,\N
2023608286,15329,Remco Chang,119,2102,60,103,1189,21,\N
2160611799,15510,Rong Fung Huang,123,1484,59,104,636,14,\N
2139883648,14905,Vineet R. Kamat,198,2605,59,105,1305,23,\N
1770354363,15497,Christophe Hurter,147,1379,59,106,1026,17,\N
327243226,15195,Robert Kosara,82,2400,59,107,1939,23,\N
2015235164,15033,Alex Pang,110,2390,59,108,1697,21,\N
1429185800,15109,Anders Ynnerman,192,2227,59,109,654,13,\N
2063125263,16418,Andrew Vande Moere,74,421,59,110,1054,16,\N
2135052836,12533,Hans Peter Seidel,1187,31610,58,111,1874,23,\N
2153352774,15370,Beatriz Sousa Santos,194,1220,58,112,303,7,\N
2129763075,13290,Richard A. Robb,430,9931,58,113,1355,15,\N
323429155,14373,Jos B. T. M. Roerdink,329,4449,58,114,517,12,\N
2102429099,14522,Matthew O. Ward,142,4368,58,115,2373,22,\N
272170598,15507,Alex Endert,101,1746,57,116,1224,20,\N
544170546,14397,Tamara Munzner,118,5526,57,117,2932,26,\N
1235285878,15460,Xavier Tricoche,87,1906,57,118,1109,16,\N
2030906650,13476,Jannick P. Rolland,542,9340,57,119,1185,17,\N
2158434997,13554,Colin Ware,260,9784,56,120,3940,21,\N
2034849075,13428,Thomas A. DeFanti,177,6835,56,121,2857,19,1
2163751157,14852,Koji Okamoto,293,1527,56,122,292,6,\N
2117564997,15414,Stefan Bruckner,120,1918,55,123,940,16,\N
2113582855,15603,Charl P. Botha,123,1015,55,124,540,12,\N
2289128761,13784,Roberto Scopigno,292,7785,55,125,1452,20,\N
2101266097,15588,Yingcai Wu,94,1885,54,126,1198,15,\N
2163374114,15091,Pak Chung Wong,101,2413,54,127,959,16,\N
2166292476,14587,Falk Schreiber,203,4963,54,128,1276,15,\N
2296898667,15552,Rosane Minghim,108,1824,53,129,715,12,\N
36542275,13139,Jayaram K. Udupa,443,13619,53,130,948,15,\N
2032738043,13006,Peter Brusilovsky,504,18064,52,131,582,16,\N
74604451,14233,Oliver Deussen,256,5817,52,132,991,16,\N
1993881951,15830,Filip Sadlo,98,1125,52,133,389,11,\N
2157743775,12883,Hsinchun Chen,829,24466,52,134,1733,20,1
2100559988,14239,Michitaka Hirose,461,2604,52,135,496,8,\N
2070382900,15138,JÃ¶rn Kohlhammer,140,2376,52,136,577,12,\N
2006893438,13676,Chandrajit L. Bajaj,390,8879,52,137,1197,17,1
2289975239,12963,Markus Gross,552,22483,51,138,798,17,\N
2310357739,15518,Kiyoshi Horii,196,187,51,139,11,2,\N
2116717946,13744,Qingming Huang,550,8604,50,140,1406,18,\N
1995659342,13747,Donald Rockwell,302,7688,50,141,856,16,\N
1916366858,15645,Roberto TherÃ³n,153,1001,50,142,415,11,\N
1975749114,15137,Falko Kuester,174,1538,50,143,480,12,\N
2123005041,14121,Bruce H. Thomas,266,4393,49,144,684,16,\N
2046772540,14496,Enrico Gobbetti,221,3661,49,145,784,15,\N
2064750564,14689,Stephan Diehl,163,3721,49,146,901,15,\N
2085846229,15197,Peter Hastreiter,108,2715,49,147,1275,18,\N
2110484598,14058,Doug A. Bowman,218,7676,49,148,1938,21,\N
2142123371,15415,Ross Maciejewski,141,1884,48,149,645,15,\N
2311088539,14067,John Grundy,481,5920,48,150,398,10,\N
735013031,14837,Simeon J. Simoff,282,2011,48,151,270,9,\N
336473884,13710,Peter Eades,218,8616,48,152,2707,15,\N
2032593886,16077,Naohisa Sakamoto,105,322,48,153,108,4,\N
2004445387,15202,Tom Peterka,131,1747,48,154,770,15,\N
155781915,14597,Emilio Corchado,340,3636,48,155,492,10,\N
2172094290,12776,George G. Robertson,206,16846,48,156,4177,24,1
2132435563,13927,Noel E. OConnor,567,6029,47,157,504,12,\N
2017983725,14867,Christopher D. Hundhausen,103,2659,47,158,2090,23,\N
1971971201,15429,Christian Tominski,69,2324,47,159,2114,20,\N
2537308940,15717,Jian Huang,79,1172,47,160,439,14,\N
2113528437,14450,Danyel Fisher,135,5218,47,161,2121,22,\N
2057155413,15305,Markus Hadwiger,122,2102,47,162,740,15,\N
1985594367,15420,Kenneth Moreland,89,1505,46,163,817,12,\N
2026169623,15241,Penny Rheingans,83,2288,46,164,1486,20,\N
2303263319,16377,Theresa Marie Rhyne,56,413,46,165,291,9,\N
2232251205,14469,Toshio Kobayashi,352,2985,46,166,454,11,\N
2121069363,12773,Wen Gao,1262,23751,46,167,983,18,\N
2103920730,11775,Luc Van Gool,1185,63212,46,168,1328,16,\N
2133129399,15865,Carla M. D. S. Freitas,88,886,46,169,370,13,\N
1666292634,15283,Wolfgang Aigner,121,2211,46,170,1453,18,\N
2087690876,16369,Michael Krone,66,663,45,171,515,12,\N
2078060999,15647,Michael Sedlmair,81,1586,45,172,1149,17,\N
2005110205,15314,Ken Brodlie,82,1770,45,173,1194,17,\N
1949160300,14369,Yassin A. Hassan,479,2804,45,174,590,12,\N
2174600408,15927,Thomas Wischgoll,115,685,45,175,364,7,\N
2103155697,14372,Jianping Fan,296,5164,44,176,1078,16,\N
2044106535,14916,Yuichi Murai,286,1549,44,177,192,8,\N
2130365379,15098,Seok Hee Hong,198,1851,44,178,567,12,\N
2138221895,15927,Marc Streit,72,1133,44,179,849,16,\N
2162039953,16096,Fabian Beck,61,1126,44,180,678,15,\N
2013511199,14913,Victoria Interrante,132,2696,44,181,1113,14,\N
2013743603,13801,StÃ©phane Ducasse,456,8968,44,182,1711,20,\N
192858880,13929,Alan M. MacEachren,215,8877,44,183,4622,25,\N
2133649610,13237,Guang Zhong Yang,930,16747,43,184,720,17,\N
2112764583,14967,Jessie Kennedy,143,2537,43,185,676,13,\N
618659213,14507,Dieter W. Fellner,380,2583,43,186,350,11,\N
2289414603,13694,Elke A. Rundensteiner,537,8782,43,187,1047,15,\N
2123850919,14214,Margaret Anne Storey,192,6509,43,188,1773,20,\N
2100961798,16127,Benjamin Bach,64,968,43,189,667,13,\N
2104129307,12878,Dacheng Tao,1100,38303,43,190,2355,22,1
1094438419,16488,Kai Lawonn,78,390,43,191,275,11,\N
1993486354,12882,Loet Leydesdorff,955,29826,43,192,1387,14,\N
2116391462,15234,Nobuyuki Takenaka,217,867,43,193,131,7,\N
2028355016,15903,Ingrid Hotz,108,870,43,194,256,9,\N
1954225133,15460,Masaaki Kawahashi,173,806,42,195,505,6,\N
2294614697,14845,Masahiro Takei,392,1005,42,196,291,3,\N
2682213054,14759,Torsten MÃ¶ller,139,3902,42,197,1799,21,\N
2007505320,12391,Max A. Viergever,795,38953,42,198,1065,17,\N
2032128463,15324,Ulf Tiede,69,1314,42,199,1348,20,\N
2069749540,13073,Mark Billinghurst,557,15404,42,200,1282,14,\N
709117735,14616,Miki Haseyama,481,1268,42,201,65,4,\N
2161150395,14598,Guangtao Zhai,302,4296,41,202,1143,14,\N
2030039896,14236,RÃ¼diger Westermann,180,5683,41,203,733,16,\N
1986472849,15440,Luis Gustavo Nonato,145,1583,41,204,615,14,\N
2011713265,13089,Touradj Ebrahimi,596,15935,41,205,1659,13,\N
1879266857,15444,Nathalie Henry Riche,95,2042,41,206,1255,18,\N
2158780083,15683,Ross Brown,154,720,41,207,305,10,\N
2124146674,16331,Souichi Saeki,108,81,41,208,7,2,\N
391330844,13922,Paolo Cignoni,182,7982,41,209,1307,17,\N
693769535,13819,Steven P. Reiss,177,5180,41,210,958,17,\N
2062765584,15069,Nashwan Dawood,222,1604,41,211,374,10,\N
2117074476,15567,Weidong Huang,139,1185,41,212,453,9,\N
2676222217,15878,Anastasia Bezerianos,74,1129,40,213,735,15,\N
2136032002,13880,Gabor Fichtinger,468,7673,40,214,915,15,\N
2135628551,16589,Charles Perin,60,351,40,215,306,9,\N
2196043388,12773,Henry Fuchs,326,13265,40,216,2405,22,1
2304186621,14014,Hans Peter Meinzer,387,6604,40,217,866,14,\N
2924299326,15475,Masahiro Nishida,136,641,40,218,383,12,\N
2570261396,14691,Chris Shaw,151,2184,40,219,456,12,\N
2104903838,15582,Hongfeng Yu,97,1419,40,220,814,16,\N
2119006874,15625,Alexandre Bergel,139,1037,40,221,214,9,\N
14227721,13541,Steven M. Drucker,254,10995,39,222,2167,18,\N
2099365047,15139,Jo Wood,125,2257,39,223,1061,18,\N
2056576592,14227,Dimitrios Tzovaras,518,3530,39,224,143,8,\N
2052614558,15483,Brian S. Thurow,143,1255,39,225,537,11,\N
2009084615,14542,Scott Klasky,214,4172,39,226,1346,14,\N
2155423936,12978,Enrico Bertini,852,27227,39,227,1029,16,\N
125784020,13801,Thomas J. Overbye,312,5723,39,228,491,12,\N
111041040,13945,Takeshi Furuhashi,426,3561,39,229,47,3,\N
2194545686,14380,Gerald Schaefer,443,4715,39,230,323,9,\N
2158833350,15286,Tomohiro Yoshikawa,230,551,39,231,51,3,\N
1229337910,16597,Simone Kriglstein,63,275,39,232,239,8,\N
2131835883,14591,Sisi Zlatanova,262,2895,38,233,350,10,\N
2071984077,13369,Mary Czerwinski,314,14231,38,234,1843,19,1
2116519607,13861,Juliana Freire,257,8151,38,235,2084,18,1
2100407811,15329,Takahiro Ogawa,267,534,38,236,60,4,\N
2304039527,15711,Kenji Ono,186,201,38,237,45,4,\N
2307725321,14831,Karrie Karahalios,145,3188,38,238,904,15,\N
2149631809,11414,Thomas S. Huang,1386,75366,38,239,920,15,\N
2149494377,15331,David Gotz,99,2141,38,240,793,14,\N
2166341251,13650,Pheng Ann Heng,564,10689,38,241,430,11,\N
2275486400,16288,Aidong Lu,71,658,38,242,342,10,\N
2299437103,12594,Lei Zhang,934,40975,38,243,1224,13,\N
2211407898,13996,Mo Samimy,298,7380,38,244,2044,21,\N
70881205,14169,Christopher Nimsky,346,8946,38,245,1290,13,\N
2007409689,15517,Hiroyuki Hirahara,202,374,37,246,133,5,\N
2436183587,13310,Ajit P. Yoganathan,736,16568,37,247,1224,19,\N
2406723774,14873,Paul M. Danehy,218,2400,37,248,421,14,\N
2300598665,14029,Meng Wang,389,12096,37,249,1905,20,\N
2289765131,12697,Joseph A. Izatt,663,28812,37,250,549,12,\N
2283139614,14718,Mihai Datcu,400,1434,37,251,186,8,\N
1995003537,14229,Steven G. Parker,128,4515,37,252,833,13,\N
2021940073,14381,Anatole LÃ©cuyer,243,5859,37,253,1277,16,\N
257767137,13254,Nils Gehlenborg,129,33994,37,254,1757,14,\N
2037139690,15916,Berk Geveci,52,1307,37,255,1118,12,\N
2057140656,15011,William Puech,256,1647,37,256,136,5,\N
310679509,12073,Alan C. Bovik,780,58093,37,257,2606,13,\N
99198979,15856,Gintautas Dzemyda,126,643,37,258,312,11,\N
2139539936,13664,Martin Wattenberg,106,12387,37,259,4075,26,\N
2156193085,15785,Shiaofen Fang,96,1005,37,260,201,7,\N
2110385964,14234,Jens KrÃ¼ger,204,5594,37,261,581,11,\N
2043574948,15009,Raghu Machiraju,180,2525,37,262,487,12,\N
427440905,14309,Stephen G. Kobourov,343,4450,37,263,835,16,\N
2063339990,15824,Tomasz Bednarz,125,500,37,264,157,6,\N
2065625292,15246,Ke Gu,143,2763,36,265,1319,18,\N
2142547891,13932,Ling Shao,487,11771,36,266,1102,17,\N
2126764247,14070,Reinhard Klein,318,6586,36,267,561,12,\N
2572481585,15441,Akira Kageyama,138,1372,36,268,132,6,\N
2175384922,13851,Andreas Holzinger,566,10181,36,269,550,11,\N
2119064567,18430,Carlos Scheidegger,6,63,36,270,1580,16,\N
2063208255,15152,Tim Wilhelm Nattkemper,201,2273,36,271,420,10,\N
2039801083,13804,Tao Mei,437,11993,36,272,1364,18,\N
2042248411,13555,Alexander Smits,548,10693,36,273,1018,19,\N
2037513264,14799,Karl Heinz HÃ¶hne,63,1742,36,274,1090,19,\N
2105740368,15122,Mario Costa Sousa,168,2166,36,275,222,8,\N
2112462370,12373,Ming Hsuan Yang,527,42747,36,276,3579,27,\N
2109836193,15993,Angus G. Forbes,123,491,36,277,212,8,\N
718039462,13530,Maneesh Agrawala,224,12011,36,278,3118,24,\N
1970846384,16341,Bernd Hentschel,77,379,36,279,252,9,\N
2309436987,14428,Robert M. Kirby,274,4746,36,280,781,16,\N
2113308670,13980,Fernanda B. ViÃ©gas,79,9670,35,281,3849,23,\N
2779206936,15023,Guy MelanÃ§on,101,2853,35,282,1689,10,\N
2049612993,16038,Ching Kuang Shene,79,622,35,283,314,9,\N
2039389676,15115,Melanie Tory,103,2636,35,284,341,12,\N
2104003072,15670,Petr KubÃ­Äek,171,318,35,285,140,6,\N
2079969273,14182,Allen D. Malony,293,4626,35,286,610,14,\N
2251068073,16025,ç¥ä¸€ æ‘äº•,153,9,35,287,0,0,\N
2034595988,15870,Alexander Lex,71,1589,35,288,1336,14,\N
1775603343,16344,Barbora KozlÃ­kovÃ¡,73,863,35,289,307,8,\N
1998742316,15303,Luc Renambot,80,1299,35,290,597,14,\N
1989483876,16251,Mario Hlawitschka,77,501,35,291,269,10,\N
80170140,15231,Kazuo Misue,108,1342,35,292,266,6,\N
2152403400,16224,Matthias Trapp,84,456,35,293,290,9,\N
2424929565,16124,Jimmy Johansson,63,848,34,294,503,13,\N
1975963237,14619,Renato Pajarola,161,3782,34,295,958,12,\N
2257265516,15764,Song Zhang,72,1436,34,296,840,14,\N
2017298756,15516,Lloyd A. Treinish,73,1002,34,297,839,14,\N
2024442029,15715,Fernando V. Paulovich,88,1577,34,298,661,13,\N
743507883,13594,Michael Gleicher,197,9431,34,299,841,17,\N
1615293024,13675,Michael Markl,629,12981,34,300,2257,20,\N
18512383,16006,Craig Anslow,96,678,34,301,213,7,\N
273213970,15766,Masood Masoodian,130,701,34,302,149,7,\N
2124136419,14398,David L. Wilson,343,3517,34,303,329,10,\N
230994779,15237,Yasufumi Takama,234,682,34,304,166,7,\N
1973679749,14249,Ioannis Kompatsiaris,462,4623,34,305,340,10,\N
2140209713,15604,Christopher Collins,65,1635,34,306,1132,14,\N
2093104212,13789,Tobias HÃ¶llerer,245,6320,34,307,603,13,\N
2134310558,15348,Eugene Zhang,90,2223,34,308,786,11,\N
2059910451,13227,Jiebo Luo,694,17187,34,309,1198,16,1
2113934472,14226,Gregory M. Nielson,109,3650,34,310,666,14,\N
2107070739,13100,Xuelong Li,893,29319,34,311,1211,17,1
2118134862,12915,Daniel Thalmann,758,16261,34,312,595,11,\N
2102875885,12664,Ronald K. Hanson,1102,26834,34,313,762,15,\N
2113885942,15633,Miriah Meyer,71,1583,34,314,1022,18,\N
2095457205,15780,ZdenÄ›k StachoÅˆ,168,324,34,315,70,5,\N
2149241181,16644,Rita Borgo,46,471,34,316,453,12,\N
2149697424,16389,Guido Reina,68,518,34,317,327,10,\N
2146842387,14133,Shinichi Satoh,384,4571,34,318,215,8,\N
3206897746,15647,Jian Chen,98,1799,33,320,386,8,\N
2070539660,14724,John Hosking,235,2943,33,320,382,10,\N
2581263356,14745,Lei Shi,90,1937,33,321,342,12,\N
511619218,14827,Patrick Le Callet,283,2234,33,322,462,11,\N
5114806,14051,Fabio Remondino,261,5987,33,323,1201,15,\N
2215764594,15654,Harald Kleine,112,867,33,324,273,10,\N
2098652694,16844,Kyungwon Lee,54,145,33,325,49,4,\N
2098528998,15591,David Auber,66,1645,33,326,701,12,\N
2118059029,15271,Nigel W. John,135,1732,33,327,285,10,\N
2114031719,14767,James J. Thomas,79,3260,33,328,1551,18,\N
2052808332,15908,Peter Bak,75,1013,33,329,686,13,\N
89785269,15159,Pierre Dragicevic,94,2696,33,330,1102,17,\N
2166984636,14331,Robert Biddle,271,4769,33,331,252,10,\N
1221219011,13682,Samuel Kaski,497,9659,33,332,1088,17,\N
2158734040,15846,Maria Cristina Ferreira de Oliveira,107,953,33,333,320,9,\N
1983665251,16898,Mel Krokos,48,185,33,334,146,8,\N
1989461925,15367,Alexei Sourin,138,1426,33,335,398,11,\N
1167787926,15809,Kresimir Matkovic,100,943,33,336,455,11,\N
1916196745,14937,Ian D. Bishop,148,3154,33,337,599,14,\N
2124610550,16493,LukÃ¡Å¡ Herman,83,121,33,338,77,6,\N
2124784654,13651,Ross T. Whitaker,274,9392,33,339,956,15,\N
2144833106,12477,Shuicheng Yan,765,40541,33,340,1678,19,1
2134858009,14276,Barbara Hammer,455,5361,33,341,525,14,\N
2135188225,14993,Chi Wing Fu,181,2637,33,342,395,12,\N
2131329962,12631,Russell H. Taylor,739,24788,32,343,573,13,\N
2262403949,15591,Ronald Peikert,53,1727,32,344,1078,17,\N
2205887465,13309,Lambertus Hesselink,449,11388,32,345,652,13,\N
2198039525,12861,Marc Pollefeys,557,21527,32,346,1031,15,\N
2942445332,12476,Liang Li,2022,47557,32,347,193,5,\N
2134708163,14325,Andrew J. Hanson,117,4870,32,348,648,14,\N
2134010418,14851,Shiqi Wang,238,2981,32,349,730,13,\N
2133981417,13995,David A. Yuen,446,9888,32,350,250,9,\N
2133795835,16391,Klaus Engel,72,311,32,351,488,10,\N
2131873231,13060,Mohan M. Trivedi,572,18844,32,352,510,14,\N
275330042,14637,Gordon Kindlmann,97,4991,32,353,1405,19,\N
2122159418,14542,Martin Rumpf,221,3967,32,354,765,15,\N
2169356058,15197,Alberto Raposo,221,1046,32,355,151,7,\N
2168906395,15724,Eliot Winer,140,935,32,356,251,6,\N
1588343227,14687,Harald Reiterer,341,2486,32,357,399,10,\N
1569396467,14851,Pourang Irani,194,3082,32,358,545,12,\N
1975140722,13353,Nadia Magnenat Thalmann,589,10851,32,359,464,11,\N
1994040240,12094,Arthur W. Toga,1274,81496,32,360,1787,15,\N
192202707,16200,Mikael Jern,58,801,32,361,562,11,\N
1837758571,16228,Kawa Nazemi,84,356,32,362,204,9,\N
123419233,15114,Raimund Dachselt,175,2292,32,363,471,13,\N
2099729717,15106,Shuichi Torii,316,635,32,364,31,3,\N
428385884,14450,Paul A. Fishwick,222,3575,31,365,179,8,\N
96769270,15336,Andreas Pommert,57,1316,31,366,904,14,\N
2166087681,14641,Yukio Ohsawa,320,2359,31,367,255,7,\N
2154166576,13924,Changsheng Xu,403,9471,31,368,773,14,\N
2163697134,16250,Ana Paula Afonso,77,419,31,369,121,7,\N
2149823972,16088,Rainer Groh,115,324,31,370,80,5,\N
2155536069,14110,Yongdong Zhang,440,7289,31,371,585,12,\N
2142816363,13260,Morteza Gharib,610,17089,31,372,1407,16,\N
2145806822,16296,Maria Beatriz Carmo,92,246,31,373,129,7,\N
2146555714,15009,Peter Rodgers,189,2413,31,374,397,11,\N
2147236103,15278,Gun A. Lee,135,1596,31,375,277,8,\N
1973676801,16449,David L. Kao,37,464,31,376,442,8,\N
2473379516,15690,Seiji Hayano,128,216,31,377,13,2,\N
2009660514,15709,Aidan Slingsby,93,1050,31,378,736,11,\N
1224470917,15777,Kelly Gaither,55,1684,31,379,260,9,\N
2103426042,14198,James Noble,350,5863,31,380,267,10,\N
2206139417,15572,J. Ãngel VelÃ¡zquez Iturbide,101,1073,31,381,748,9,\N
2185953963,16282,Hans JÃ¶rg Schulz,47,851,31,382,733,15,\N
2073389685,15194,Atilla Peter Kiraly,155,1803,31,383,304,11,\N
2118406245,15765,Jing Yang,62,1360,31,384,700,15,\N
2120354443,13082,Richard B. Miles,805,19789,31,385,553,10,\N
2189376613,13921,Nelson Max,175,4259,31,386,820,12,\N
2103608908,15900,Weiwei Cui,49,1566,31,387,1079,14,\N
29013732,15640,Gordon Clapworthy,138,820,31,388,131,6,\N
2489418703,15841,Ying Zhu,73,940,31,389,176,6,\N
2576425098,13690,Heinz Otto Peitgen,300,9115,31,390,513,14,\N
2511625672,16711,Peter A. Kara,53,228,31,391,117,6,\N
2104469161,16195,Guoning Chen,63,876,31,392,404,10,\N
286406747,13453,Marcel Worring,327,12432,30,393,536,12,\N
2171021922,15246,Yuming Fang,143,2645,30,394,804,14,\N
2190549940,15424,Venkatram Vishwanath,120,1321,30,395,458,11,\N
2289542925,12944,Michael W. Vannier,449,16222,30,396,823,14,\N
252695556,12838,Steven Feiner,321,14566,30,397,3081,13,\N
2604965107,17009,Ying Zhao,43,255,30,398,195,9,\N
298381783,15248,Dorit Merhof,242,1475,30,399,451,9,\N
73181535,15565,Tino Weinkauf,105,1717,30,400,957,16,\N
332866935,16412,BenoÃ®t Otjacques,80,350,30,401,129,6,\N
2326079530,13321,Alan F. Smeaton,680,11426,30,402,207,7,\N
2305873642,16254,Sabrina Bresciani,89,474,30,403,230,7,\N
2309726537,14129,Ioannis G. Tollis,168,5032,30,404,1858,9,\N
2118199879,14838,Dianne Cook,145,2955,30,405,850,16,\N
2170596006,15782,Ãlvaro Herrero,133,786,30,406,370,9,\N
2072553995,15694,Rahul C. Basole,96,1785,30,407,336,9,\N
2116811638,14867,Shuqiang Jiang,237,2627,30,408,430,10,\N
1857976452,15262,Lorenz Hurni,179,1370,30,409,290,8,\N
2142182795,15984,Karsten Klein,80,1023,30,410,334,8,\N
2123564807,15139,Maria G. Martini,205,1601,30,411,158,7,\N
2168344630,16474,Bianchi Serique Meiguins,81,168,30,412,69,4,\N
2168527748,13790,Huchuan Lu,293,13721,30,413,2432,20,\N
170241628,15300,Alfredo Vellido,168,1765,30,414,201,6,\N
2020956399,14010,Hideo Saito,542,3228,30,415,77,5,\N
2122099291,14772,John E. Stone,72,4621,30,416,799,14,\N
1919056314,15640,Joseph A. Insley,61,670,30,417,342,9,\N
2100348147,14084,Julio Soria,461,5256,30,418,984,15,\N
2100495616,15534,Jeremy S. Meredith,68,1646,30,419,520,9,\N
2101712336,14528,Tiejun Huang,322,3564,30,420,450,14,\N
2102763880,13386,Mamoru Ishii,388,12853,30,421,519,12,\N
2090988392,12148,Ferenc A. Jolesz,696,53807,30,422,3326,18,\N
2104476252,15359,Christopher Pettit,191,1417,30,423,323,11,\N
2074426352,14010,Ernst Rank,492,5996,29,424,253,7,\N
2234200734,14989,Tee Tai Lim,112,2571,29,425,1336,13,\N
2255233454,17147,Harald Obermaier,37,198,29,426,167,7,\N
2204539166,14885,GÃ¼nther Greiner,133,2549,29,427,673,7,\N
2221571744,15716,Saturnino Luz,132,927,29,428,137,7,\N
2270918514,15876,Eckart Lange,76,1214,29,429,726,13,\N
2059307601,14472,Gordon Erlebacher,158,3725,29,430,490,13,\N
2115800547,15257,Yuji Tasaka,266,691,29,431,85,4,\N
2103580512,16592,Lane Harrison,48,516,29,432,336,10,\N
204511207,14661,Ugo Becciani,165,4158,29,433,129,6,\N
76195016,15822,Andreas Gerndt,124,401,29,434,97,5,\N
2609326453,14290,Uwe Hampel,389,3357,29,435,341,11,\N
2613073306,14742,Marcus Magnor,268,2753,29,436,469,12,\N
2127938735,16006,Tsutomu Nozaki,121,170,29,437,11,2,\N
229365224,14670,Erkki Sutinen,242,2685,29,438,533,10,\N
2152709933,15560,Voicu Popescu,117,1088,29,439,119,7,\N
2129964813,15423,Steffen Lohmann,134,1351,29,440,450,10,\N
2026617432,13415,Suresh V. Garimella,561,15775,29,441,1005,13,\N
2337008386,14749,Jung Ryul Lee,261,2202,29,442,117,5,\N
2311128905,14300,William E. Higgins,227,4496,29,443,253,9,\N
2356811210,20922,Robert C. Nelson,1,2,29,444,425,11,\N
2580360802,16173,Margit Pohl,92,475,29,445,163,8,\N
1976188885,16689,Attila Barsi,49,245,29,446,137,7,\N
2008344182,16231,Nahum Gershon,67,431,29,447,148,7,\N
1719961615,16317,Olga Kurasova,84,407,29,448,252,10,\N
1984838606,11856,Li Fei Fei,366,68242,29,449,3523,24,\N
1988215978,12518,Roland Siegwart,1092,30088,29,450,780,15,\N
2169083300,16029,Stefan Seipel,107,388,29,451,169,7,\N
2142848257,14043,Hausi A. MÃ¼ller,223,6359,29,452,1569,20,\N
2147574392,14661,Andreas Butz,227,2913,29,453,346,10,\N
2150501184,15412,David J. Duke,109,1581,29,454,278,9,\N
614907589,12244,Stuart K. Card,175,25366,28,455,7540,18,1
1245592906,15114,Giuseppe Santucci,183,1680,28,456,294,10,\N
1258240770,14001,Daniel J. Sandin,73,4556,28,457,1875,11,\N
1275326801,16545,Romain Vuillemot,49,706,28,458,628,8,\N
2017665327,15846,Jens Volkert,118,563,28,459,139,6,\N
2024561599,15112,Duen Horng Chau,138,2705,28,460,302,9,\N
1972210605,15778,Gitta Domik,89,493,28,461,175,8,\N
2009834041,14652,Cathal Gurrin,322,2568,28,462,165,7,\N
2114517036,14740,Mateu Sbert,269,3000,28,463,163,9,\N
78288405,15420,Florian Mansmann,66,2287,28,464,1153,15,\N
384813227,15919,T. J. Jankun Kelly,50,1083,28,465,822,14,\N
2894295354,15546,Jinah Park,126,781,28,466,104,6,\N
2107779997,16848,Kyoko Hasegawa,59,81,28,467,62,3,\N
2096807727,15485,Alias Abdul Rahman,184,637,28,468,206,6,\N
2050675000,14114,Gudrun Klinker,255,4050,28,469,478,12,\N
2112656704,14294,Yong Man Ro,393,4013,28,470,293,9,\N
170072994,15513,JoÃ£o L. D. Comba,109,1277,28,471,266,10,\N
117518403,14865,Yasushi Kiyoki,352,878,28,472,22,3,\N
2164010038,15946,Carlos D. Correa,59,1325,28,473,887,17,\N
16573596,14844,Hiroshige Kikura,332,1201,28,474,25,3,\N
1992321294,14732,Andrei Zinovyev,192,3717,28,475,551,12,\N
2268440790,15888,David Fonseca,124,620,28,476,281,8,\N
2230662789,14013,Stephen G. Eick,113,5244,28,477,1122,16,\N
2233525272,15989,David Pugmire,68,991,28,478,225,7,\N
2303020434,16286,Yasuki Nakayama,81,205,28,479,17,3,\N
2242823020,16238,Kai Xu,79,497,28,480,198,8,\N
2259790737,14979,Bei Wang,263,2165,28,481,270,7,\N
277778480,13596,John Shalf,236,9171,28,482,421,11,\N
2344226991,12855,Paul Suetens,575,20906,28,483,386,7,\N
2420604264,14068,Xiangyu Wang,436,5989,28,484,552,14,\N
2441381462,13831,Sanghoon Lee,621,5495,28,485,326,9,\N
2126101459,13138,Jie Yang,930,23895,28,486,411,11,\N
2149314003,15339,Hwan Gue Cho,194,1088,28,487,68,4,\N
2153175125,15247,Lyn Bartram,93,2009,28,488,416,11,\N
2153815270,14593,Anup Basu,268,2796,28,489,67,4,\N
2129930771,14509,Richang Hong,227,7412,28,490,1093,15,\N
2157164624,14880,Horst K. Hahn,199,3639,28,491,381,8,\N
2136969582,15664,Vijay Natarajan,94,1374,28,492,387,9,\N
2698075467,15471,Hamish Carr,87,1807,27,493,506,10,\N
1510273344,14631,Marek R. Ogiela,363,2901,27,494,123,7,\N
1484056470,13417,Ephraim Gutmark,767,9874,27,495,493,11,\N
1995119908,16599,Lucian Voinea,39,508,27,496,428,12,\N
2321599603,15272,Dieter KranzlmÃ¼ller,204,1214,27,497,172,7,\N
2305423983,15666,B. L. William Wong,150,702,27,498,183,8,\N
2485163583,13797,Oscar Nierstrasz,383,7860,27,499,436,11,\N
1982327768,14209,Petia Radeva,414,5263,27,500,439,12,\N
2601187691,15466,Christina Bloebaum,94,1360,27,501,356,9,\N
1863463115,15346,Andrea Sanna,168,1211,27,502,284,8,\N
1226911827,13967,Ulrik Brandes,234,9433,27,503,553,11,\N
138336618,15821,Helmut Doleisch,31,1610,27,504,1459,15,\N
2017897688,15761,Daniel Archambault,79,1298,27,505,396,10,\N
2019835715,16377,Romain Bourqui,66,477,27,506,234,8,\N
50251746,14974,Roger Crawfis,111,2022,27,507,410,8,\N
51092151,13659,Joachim Hornegger,631,10038,27,508,275,8,\N
301623536,15680,Oliver Kreylos,103,1141,27,509,459,13,\N
2502237383,16823,Li Chen,45,205,27,510,186,7,\N
2140237979,14826,James H. Cross,92,2692,27,511,171,7,\N
2209975384,15053,Chris Weaver,89,2957,27,512,706,12,\N
2157095084,12104,Antonio Torralba,332,45716,27,513,8032,19,\N
2109384075,16118,Katsumi Aoki,108,166,27,514,17,3,\N
2106788355,14182,Amitabh Varshney,124,4933,27,515,384,10,\N
2120678171,14400,Joaquim A. Jorge,315,3986,27,516,278,8,\N
2121561944,13503,Timothy W. Simpson,434,15173,27,517,578,10,\N
2057632188,14178,Andreas Rauber,355,4790,27,518,950,14,\N
2071059012,15850,Tze How New,106,969,27,519,435,13,\N
2137291500,14214,Rongrong Ji,377,7573,27,520,1008,12,\N
2123438108,14506,Srinivas Garimella,233,5061,27,521,504,10,\N
2205287187,12967,Wiro J. Niessen,615,20795,27,522,761,13,\N
2165386180,13728,Xiaokang Yang,462,10365,27,523,1327,14,\N
2128962052,15671,Matthew Cooper,90,910,27,524,336,11,\N
2237883256,13561,Ed H. Chi,209,11691,27,525,1328,14,\N
2239304286,13154,Kristen Grauman,252,16298,27,526,2926,20,\N
2303276836,15881,Silvia Mabel Castro,158,141,27,527,42,3,\N
2196251779,15395,Christian Sandor,136,1295,27,528,462,12,\N
2205162176,13355,Jeffrey H. Siewerdsen,559,12738,27,529,293,9,\N
2167724650,14396,Ebroul Izquierdo,474,3065,27,530,117,6,\N
2225733586,12433,Pat Hanrahan,253,28070,26,531,1492,16,\N
2021419464,15220,Denis Gracanin,186,1350,26,532,301,8,\N
2017222965,11435,Ian Foster,813,70237,26,533,1071,16,1
2618525930,15770,Anwar E. Ahmed,140,954,26,534,343,8,\N
2250804251,14708,Joan Adler,176,2721,26,535,119,7,\N
2215636363,14150,Yen Wei Chen,637,2760,26,536,79,5,\N
2198983026,11767,Christos Faloutsos,787,56487,26,537,1800,13,1
2035737473,15307,Marcelo Gattass,166,1492,26,538,142,8,\N
2033418608,14363,Tomoaki Kunugi,423,2224,26,539,150,7,\N
1775123508,15468,Dewey Odhner,90,1415,26,540,496,11,\N
1983980497,12045,Klaus Schulten,929,91377,26,541,25605,15,\N
2003962563,15338,Tomohide Niimi,225,605,26,542,54,4,\N
147437819,16032,Pascal Fallavollita,92,696,26,543,226,9,\N
112613578,14545,Luca Chittaro,191,4754,26,544,905,16,\N
119326234,14692,Gabriel Wainer,341,2450,26,545,365,8,\N
1965032571,14594,Arjan Kuijper,353,2471,26,546,135,7,\N
285281174,17207,Dirk Zeckzer,39,120,26,547,89,5,\N
2810149034,16248,Yu Zhou,84,546,26,548,786,14,\N
2100138734,15931,Ruiz Estrada,153,69,26,549,13,2,\N
2101507671,14499,Cristina Conati,172,4470,26,550,513,11,\N
2102662993,13934,Junsong Yuan,332,9115,26,551,396,10,\N
2055047545,14307,Wilhelm Hasselbring,475,3511,26,552,203,7,\N
2167821236,15253,Maxine D. Brown,58,1167,26,553,839,14,\N
717146719,14135,Gary S. Settles,196,5354,26,554,665,12,\N
92116197,16416,Gilles GesquiÃ¨re,79,261,26,555,123,6,\N
2422154356,11599,James G. Fujimoto,1299,79249,26,556,1390,6,\N
2423497048,15741,Manoel MendonÃ§a,104,1043,26,557,227,8,\N
2431320518,14875,Ondrej Krejcar,326,1417,26,558,119,5,\N
341124269,15765,Cristian A. Linte,143,442,26,559,132,7,\N
2139473605,13607,Chunhua Shen,540,14598,26,560,914,19,\N
2165599877,14240,Xian Sheng Hua,276,6773,26,561,1007,17,\N
2166027141,15384,Francis M. Dwyer,151,1351,26,562,229,8,\N
2465679776,16232,Remo Burkhard,51,677,26,563,336,9,\N
2169456843,14910,Stefanie Rinderle Ma,238,2956,26,564,147,5,\N
2124403868,15140,Mamoru Ozawa,259,511,26,565,84,6,\N
2128028739,16783,David Rogers,44,276,26,566,114,6,\N
2120354901,15374,Jinman Kim,172,1671,26,567,111,5,\N
2115422217,16723,Martin Graham,36,440,26,568,398,10,\N
2103394594,15595,Michel A. Westenberg,80,1337,26,569,276,9,\N
210866836,15333,Ian T. Nabney,102,1875,26,570,274,6,\N
2038031061,16541,Allen Sanderson,41,493,26,571,104,5,\N
2122506644,14244,Martin Schulz,324,5562,26,572,258,9,\N
2096377446,13670,Kiyoharu Aizawa,681,5129,25,573,202,6,\N
2001448651,12293,Ephraim M Sparrow,766,23769,25,574,1002,15,\N
2000392840,14753,Katrien Verbert,155,3179,25,575,501,8,\N
2579369268,15949,Christoph W. Borst,88,672,25,576,111,7,\N
2037917844,15399,Yuzuru Tanaka,162,1042,25,577,108,7,\N
2087933756,15432,J. Edward Swan,97,1529,25,578,406,11,\N
208143273,14741,Ismet Gursul,198,3637,25,579,656,14,\N
2108305646,15592,Jaakko Peltonen,108,1291,25,580,588,9,\N
2106645339,15485,Inkyu Moon,129,1430,25,581,433,8,\N
2003408012,17031,Shinzaburo Umeda,48,41,25,582,29,3,\N
2280587364,16009,Attila Gyulassy,55,1059,25,583,480,10,\N
2024915540,14553,Michael Milford,268,4413,25,584,1426,11,\N
110159255,16273,Tatiana von Landesberger,71,665,25,585,402,8,\N
1259231858,14804,Farrukh S. Alvi,202,2937,25,586,923,13,\N
1400123007,15038,Konstantinos Kontis,260,1922,25,587,297,11,\N
1438871885,14496,Heinz Handels,356,3639,25,588,280,10,\N
164342485,15307,Robert Haimes,90,1573,25,589,324,11,\N
1890083705,13658,Ulrich Neumann,250,8465,25,590,640,10,\N
2171310226,13078,Jie Tian,1235,17655,25,591,216,8,\N
2278104853,14277,Takeyoshi Dohi,324,3468,25,592,345,9,\N
2101428169,14318,Joseph J. LaViola,204,5381,25,593,536,9,\N
2037293894,14882,Hongen Liao,240,2065,25,594,201,8,\N
2162501131,15575,Gem Stapleton,145,1000,25,595,226,9,\N
2100324971,15078,Shigeo Takahashi,138,1818,25,596,231,6,\N
2165267828,12630,Geoffrey C. Fox,940,18599,25,597,279,9,\N
2097880949,14773,Zhihan Lv,239,4106,25,598,789,16,\N
2789226822,15028,Michael Granitzer,220,1813,25,599,395,11,\N
2620953350,16192,ZdenÄ›k TrÃ¡vnÃ­Äek,64,726,25,600,354,12,\N
2122551673,16807,Tobias GÃ¼nther,57,244,25,601,138,7,\N
2125847861,16248,Paul Rosen,74,539,25,602,314,8,\N
2129174359,14081,Kensaku Mori,487,4171,25,603,133,5,\N
2152659900,12982,Jerry L. Prince,651,21697,25,604,738,10,\N
2146770782,15684,Satoshi Someya,151,494,25,605,28,3,\N
2164698388,16411,Nao Ninomiya,64,741,25,606,723,3,\N
2165213394,17158,Jun Tao,35,196,25,607,155,8,\N
2133015419,16305,æ•å½¦ æ± ç”°,113,12,25,608,0,0,\N
2138839063,14677,Zhigeng Pan,293,2332,25,609,107,6,\N
674908680,16658,Kuno Kurzhals,41,568,25,610,494,12,\N
692150028,13920,Reinhard Klette,570,6047,25,611,139,7,\N
716564155,15270,Eileen Kraemer,89,2881,25,612,365,9,\N
37293949,15405,Haim Levkowitz,76,1514,25,613,880,8,\N
2425077748,13486,Richard J Goldstein,238,8114,25,614,1178,14,\N
2344498194,16941,Jorji Nonaka,48,101,25,615,48,3,\N
2308954626,16715,Danilo Medeiros Eler,62,214,25,616,121,6,\N
2161355875,16733,Alark Joshi,48,362,25,617,169,7,\N
2443936740,14358,Norbert Rahn,422,3443,25,618,392,10,\N
2791355885,15503,Akira Murata,170,784,24,619,173,5,\N
387219559,16554,G. Elisabeta Marai,63,414,24,620,181,7,\N
2346034927,16122,Vedran Sabol,78,575,24,621,283,10,\N
2308794863,15119,Aaron Quigley,200,1720,24,622,133,7,\N
2308356356,14720,Holger Babinsky,262,2814,24,623,460,9,\N
292912710,15687,Klaus Schoeffmann,123,1035,24,624,328,9,\N
2141517490,15864,Mark W. Jones,71,1223,24,625,639,12,\N
2162262327,14206,Russell M. Taylor,147,5379,24,626,650,10,\N
2146130473,15382,Jim X. Chen,138,1055,24,627,285,8,\N
2145662480,16188,Chang Lin,72,597,24,628,208,8,\N
2138528515,13988,Anders Persson,421,8258,24,629,331,8,\N
700636827,14129,Yuval Shahar,208,5170,24,630,547,15,\N
2136437054,15811,Mario Arturo,173,78,24,631,13,2,\N
655325276,13765,Peter M. A. Sloot,619,7171,24,632,235,8,\N
1041509233,16041,Kamran Sedig,94,874,24,633,281,10,\N
1831214372,15708,Pavel Slavik,131,668,24,634,114,7,\N
1833644239,16820,Tanja Blascheck,43,391,24,635,352,10,\N
1874963680,14077,Shigeru Obayashi,382,4528,24,636,321,7,\N
194314948,15852,Gilles Halin,136,379,24,637,119,6,\N
2004349175,14854,Bettina Speckmann,261,2212,24,638,284,7,\N
1981749074,15772,M.E. Groller,41,1684,24,639,636,13,\N
1993670098,16354,Jessica Hullman,48,766,24,640,520,12,\N
165365151,15707,Christopher J. Fluke,110,1564,24,641,127,6,\N
1793363511,16309,Ryosuke Saga,93,179,24,642,44,3,\N
2019979581,14916,Ari Korhonen,108,2139,24,643,868,10,\N
1250704735,13319,C. C. Jay Kuo,907,10055,24,644,496,9,\N
2509178785,15927,Takayuki Yamagata,134,369,24,645,68,4,\N
2126187437,14199,Junwei Han,321,9557,24,646,1059,12,\N
2133398056,14077,Toshio Ando,456,8075,24,647,1052,11,\N
2152823110,14522,Hongxun Yao,338,4640,24,648,984,12,\N
2123408939,15864,Fanny Chevalier,90,1096,24,649,460,11,\N
2115571276,14777,Luis P. Bernal,149,2489,24,650,955,10,\N
2172281910,14253,Stephen C. North,78,4948,24,651,1900,15,\N
2174886271,15905,Ye Zhao,81,1034,24,652,173,7,\N
2184531552,15874,Mike Bailey,95,586,24,653,227,7,\N
2297569978,13757,J. A. Tenreiro Machado,600,11202,24,654,155,6,\N
2079150322,13894,Wangmeng Zuo,378,10918,24,655,703,9,\N
2091398259,15066,Richard M. Kelso,170,2196,24,656,834,10,\N
2096321700,13871,Hanqing Lu,496,8912,24,657,293,9,\N
2114505653,15472,Christin Seifert,148,948,24,658,247,8,\N
2114998919,16827,Steffen Frey,50,216,24,659,115,6,\N
2057080714,15747,Mircea Lungu,104,1185,24,660,536,12,\N
2061270251,14630,WÅ‚odzisÅ‚aw Duch,251,3462,24,661,222,9,\N
2065765218,14001,Mary Hegarty,192,11869,24,662,1674,15,\N
2122383799,15302,Penousal Machado,187,1388,24,663,55,5,\N
2116772828,14060,Heng Tao Shen,359,10067,24,664,772,12,\N
2157821257,15538,Kia Ng,137,674,24,665,89,5,\N
2117127927,12642,Brad A. Myers,457,20126,24,666,1077,11,1
2154410805,15605,R. Daniel Bergeron,59,922,24,667,385,10,\N
2154354769,15936,Christian Hansen,121,678,24,668,263,7,\N
2152164863,16711,æ­£æ¨¹ é è—¤,78,0,24,669,1,1,\N
2158171975,14183,Harald C. Gall,203,6688,24,670,798,13,\N
2276031476,14339,Yoshiyuki Taenaka,464,2090,24,671,234,8,\N
2157271971,16158,Wenwen Dou,62,817,24,672,396,9,\N
2049716498,15358,Adam Perer,62,2334,24,673,1010,13,\N
2044770413,12857,Jock D. Mackinlay,131,15477,24,674,5865,13,\N
2101528751,15532,Brian Fisher,104,1427,24,675,357,9,\N
2105223493,15645,Sadanari Mochizuki,117,806,24,676,192,5,\N
1167418905,13217,Marcia C. Linn,345,17817,23,677,866,14,\N
1428825657,14302,Veerle Cnudde,437,5089,23,678,591,10,\N
1421201823,16360,ÄŒenÄ›k Å aÅ¡inka,88,191,23,679,77,6,\N
133076123,14838,Stefan Gumhold,95,2682,23,680,306,9,\N
1239001225,15435,Gregory Leptoukh,122,1408,23,681,662,7,\N
1227402686,15212,Marco Callieri,107,1993,23,682,531,12,\N
122205434,14197,Shusaku Tsumoto,521,3459,23,683,121,4,\N
2152632774,15474,Irene Cheng,162,1160,23,684,76,4,\N
1132515649,14830,Giuseppe Carenini,156,3111,23,685,493,11,\N
2140258171,16601,Johanna Beyer,35,638,23,686,529,12,\N
2138628275,17166,Simon Su,36,96,23,687,57,5,\N
2138352179,13666,Haibin Ling,303,11347,23,688,1301,13,\N
2152796385,15604,Anand P. Santhanam,132,784,23,689,198,9,\N
2002442776,14597,Masanori Aritomi,330,1757,23,690,11,2,\N
2152283363,14063,Anton van den Hengel,314,9211,23,691,890,17,\N
2000216820,15245,Ã‡agatay Demiralp,52,2201,23,692,565,10,\N
192274276,13314,JÃ¼rgen Bajorath,784,19149,23,693,177,7,\N
2010936615,15322,Gopalan Jagadeesh,196,1179,23,694,264,9,\N
2013701728,16458,Wolfgang Kienreich,46,460,23,695,336,9,\N
1968236442,15106,Kunihiro Nishimura,292,1118,23,696,36,4,\N
1968586732,14760,Andreas Kolb,170,2995,23,697,116,7,\N
1971342715,16094,Jean Yves Blaise,112,137,23,698,45,4,\N
2017812127,14642,Agma J. M. Traina,325,3160,23,699,117,7,\N
2026695290,16701,Yuriko Takeshima,51,222,23,700,28,3,\N
1982371727,15946,Norma Alias,146,216,23,701,27,3,\N
1992123826,15811,Sean Ahern,32,1091,23,702,278,7,\N
60800564,16306,Marian DÃ¶rk,38,741,23,703,469,9,\N
987576913,16394,Christoph Heinzl,55,460,23,704,298,9,\N
999226360,14691,Leila De Floriani,223,2774,23,705,504,6,\N
2149341496,12395,Shih Fu Chang,647,34348,23,706,1290,13,\N
350199980,15293,Marc Baaden,138,3240,23,707,490,10,\N
390930505,13805,Masaru Kitsuregawa,548,5767,23,708,138,8,\N
332226850,15259,Sara Irina Fabrikant,129,2328,23,709,1126,14,\N
2149432401,15154,Azam Khan,106,2406,23,710,517,13,\N
2148914699,15602,Jiawan Zhang,130,980,23,711,64,4,\N
2461567593,12734,David J. Hawkes,659,24649,23,712,889,15,\N
2113072124,15158,Masashi Toyoda,188,2266,23,713,144,8,\N
2091577687,16025,Denis Kalkofen,58,1042,23,714,551,13,\N
2088024608,13223,Steve Benford,409,12308,23,715,441,10,\N
2074933828,16051,Ronald Metoyer,63,850,23,716,177,5,\N
2053495855,15481,Boris Kovalerchuk,154,1118,23,717,79,5,\N
2049396497,15251,Masaru Ishizuka,232,382,23,718,2,1,\N
2309498492,17191,Hideo Miyachi,44,30,23,719,24,2,\N
2107642149,15892,Andrew Fish,108,724,23,720,100,6,\N
2465810700,15045,Rae A. Earnshaw,152,1641,23,721,358,9,\N
2311940500,16591,Daisuke Matsuoka,55,125,23,722,24,3,\N
260487745,12809,Heinrich H. BÃ¼lthoff,1507,22243,23,723,149,7,\N
2599374169,15681,Mohd Shafry Mohd Rahim,169,688,23,724,60,4,\N
2160375722,16468,Brent L. Hadley,59,394,23,725,119,6,\N
249374320,15277,Mark Hereld,116,1397,23,726,441,10,\N
2118392113,14059,Reinhard Schneider,175,9883,23,727,1388,14,\N
2553677427,15073,Zhenzhong Chen,188,2351,23,728,329,7,\N
2296913293,15869,Susumu Date,120,469,23,729,81,5,\N
263819940,12220,Bernd Girod,630,26619,23,730,818,10,\N
2187434097,16325,Jason Wood,29,631,23,731,583,11,\N
2157485457,14388,Hong Qin,336,4401,23,732,313,10,\N
2164878939,14452,Baoquan Chen,215,5063,23,733,241,9,\N
2805412652,15065,T.F. Lin,101,2470,23,734,321,11,\N
287829391,16077,Eric D. Ragan,81,823,23,735,361,9,\N
283251092,13999,Philipp Slusallek,276,6968,23,736,231,9,\N
2158492378,15851,Paulo Dias,122,538,23,737,54,4,\N
2646037229,16827,Jie Liang,46,422,23,738,165,7,\N
2255952013,16101,Jukka M. Krisp,117,356,23,739,98,5,\N
2227253382,12784,Xiaogang Wang,338,33333,23,740,1927,19,\N
2223275083,13667,Devi Parikh,239,13155,23,741,3539,16,\N
2223092805,13868,Mohamed Gad el Hak,257,8166,23,742,831,13,\N
2238436238,15294,Atsushi Okajima,184,696,23,743,136,7,\N
2220391272,17404,Masahiko Itoh,26,142,23,744,131,8,\N
1459769962,15298,Guido RÃ¶ÃŸling,119,1273,22,745,782,11,\N
2157642519,14862,Kiyoshi Kiyokawa,231,1667,22,746,222,7,\N
2139022045,14267,Kim Marriott,254,5075,22,747,421,12,\N
2137243443,14016,Toshiaki Setoguchi,475,3146,22,748,15,2,\N
2135764799,14090,Kozo Fujii,488,3965,22,749,86,3,\N
1732002837,15232,Theodore J. Heindel,182,2317,22,750,378,8,\N
2030276371,16276,Sylvain Kubicki,93,306,22,751,110,6,\N
1907387910,14851,Frank Steinicke,243,2411,22,752,249,9,\N
1881081896,15117,Mohamed Al Hussein,241,1549,22,753,257,7,\N
2023471731,16409,Lucio Tommaso De Paolis,77,390,22,754,122,5,\N
2017391874,15553,Michael J. McGuffin,56,1741,22,755,1038,11,\N
2012598026,15993,Uta Hinrichs,67,854,22,756,271,9,\N
2160663097,13310,Tat Seng Chua,585,19398,22,757,1205,14,\N
2160408552,14934,Dean N. Williams,124,2059,22,758,363,7,\N
2153708411,15521,Hitoshi Asano,174,426,22,759,63,4,\N
2126481209,14146,Alexander Wong,582,6016,22,760,115,6,\N
2163779019,14905,Shinji Shimojo,295,990,22,761,35,4,\N
2166064690,15269,Shuichiro Hirai,246,856,22,762,51,3,\N
2168469989,15069,Walter Didimo,207,1922,22,763,169,7,\N
2169279047,15116,Dirk Bartz,151,1829,22,764,221,9,\N
1998938290,11923,Michael Stonebraker,431,27762,22,765,512,13,\N
2152398198,15275,AntÃ³nio M. Lopes,204,1686,22,766,166,6,\N
2154284134,14917,Masahide Murakami,221,1164,22,767,96,6,\N
2141644904,15585,Tetsuo Saga,115,778,22,768,279,5,\N
2143122238,17173,Beomjin Kim,45,60,22,769,44,5,\N
2146164273,16116,Steffen Koch,56,790,22,770,399,11,\N
2146473740,12715,Dinesh Manocha,797,23481,22,771,301,8,\N
2147527991,14747,Kemper Lewis,276,3064,22,772,304,11,\N
2148268392,13554,Rudolf Kruse,572,10381,22,773,176,6,\N
2000727045,14211,Supun Samarasekera,102,4960,22,774,926,13,\N
2110271688,15982,Hangzai Luo,55,1183,22,775,503,11,\N
139560512,14177,Vaclav Snasel,649,4123,22,776,121,6,\N
2250259089,15836,Amir H. Behzadan,84,1164,22,777,555,14,\N
1286943279,16027,Michelle A. Borkin,46,1405,22,778,515,7,\N
36478446,15661,Emmanuel Pietriga,70,1412,22,779,334,8,\N
37046778,15182,Yarden Livnat,47,1705,22,780,916,11,\N
482874246,14586,Wolfgang Stuerzlinger,227,3527,22,781,258,6,\N
726544989,16188,Iwona Dudek,103,121,22,782,45,4,\N
2103046064,16304,Alessandro Costa,84,428,22,783,122,6,\N
2054348169,16372,Caroline Ziemkiewicz,31,829,22,784,552,12,\N
2059917588,14468,Alan Chalmers,322,3881,22,785,138,6,\N
2116214042,15924,Feng Dong,105,796,22,786,52,4,\N
2114361001,13394,Helge Ritter,636,9737,22,787,332,10,\N
2425873571,13478,Clifford A. Pickover,702,11359,22,788,150,8,\N
2664555836,17355,Shinzaburo Umeda,37,14,22,789,4,1,\N
2250181789,16067,Benjamin Weyers,119,377,22,790,125,7,\N
695630297,13995,Giuseppe Di Battista,245,5797,22,791,1874,6,\N
2251081518,14911,Ellen K. Longmire,177,2631,22,792,424,10,\N
1991399815,14846,Malcolm Munro,163,2467,22,793,350,10,\N
2171394160,15434,Kazumi Saito,107,1552,22,794,125,5,\N
1180447748,16301,Halldor Janetzko,52,662,22,795,227,8,\N
1976127618,15724,Serhiy Yarusevych,136,1159,22,796,220,9,\N
1969057230,14740,Stefania Serafin,346,2102,22,797,147,6,\N
1135155970,14148,Abdulmotaleb El Saddik,481,5807,22,798,118,6,\N
1991380867,13867,Erik Duval,336,6420,22,799,702,13,\N
1991196893,14841,Narayanan Komerath,273,1478,22,800,195,7,\N
1988296216,16341,Ryu ichiro Ohyama,89,167,22,801,33,3,\N
198127655,16691,Arnaud Sallaberry,54,315,22,802,110,6,\N
2172294716,14836,Xiaopeng Zhang,233,2462,22,803,349,8,\N
1246156588,16008,Masahiro Takatsuka,72,669,22,804,368,6,\N
17801002,15293,Thomas L. Naps,62,1613,21,805,928,12,\N
2107516595,14961,Tong Yee Lee,142,2853,21,806,600,9,\N
2068916923,15381,Gilles Venturini,126,1383,21,807,51,4,\N
2102717697,16262,Francis T. Marchese,63,473,21,808,126,6,\N
2098617350,16034,Joe Ayres,69,1073,21,809,310,9,\N
2121143492,16536,Kristin Potter,32,793,21,810,593,11,\N
2120873243,14743,Hong Hua,158,3980,21,811,374,10,\N
2120202076,13121,Ian Reid,411,18610,21,812,431,9,\N
2119332700,14226,Katsuro Inoue,357,4356,21,813,382,8,\N
2116643162,16906,Ignacio DÃ­az,43,202,21,814,125,6,\N
2056879232,13504,Carl Fredrik Westin,412,16016,21,815,1221,9,\N
2107357764,12813,William M. Wells,314,17143,21,816,2379,12,\N
2104043266,15243,Tomohiro Kuroda,227,721,21,817,62,5,\N
2096604688,15277,Julio C. Martinez,68,1786,21,818,598,13,\N
2088994775,16585,Lucas Mello Schnorr,60,225,21,819,91,6,\N
2085234058,16033,Wesley Willett,59,990,21,820,120,6,\N
2048481453,12673,Horst Bischof,747,27461,21,821,522,12,\N
2046227366,14428,Toru Masuzawa,397,1888,21,822,320,10,\N
2043886014,16889,Maxime Cordeil,36,358,21,823,237,8,\N
2038232653,14112,Alexander Toet,237,5341,21,824,786,10,\N
123715996,16170,Niko Myller,39,741,21,825,499,10,\N
178069865,14194,Oliver Kohlbacher,312,10192,21,826,984,12,\N
2169748419,14525,Tien Tsin Wong,215,4367,21,827,166,8,\N
141417644,16158,æ²»éƒŽ èˆŸæœ¨,135,2,21,828,0,0,\N
1969143862,16536,æ˜­ä¸€éƒŽ é£¯å°¾,93,0,21,829,0,0,\N
274210153,16053,Theodor Wyeld,121,242,21,830,54,4,\N
2774985988,14364,Predrag Stojan Hrnjak,309,2843,21,831,133,4,\N
2264186551,17126,Aritra Dasgupta,27,353,21,832,293,9,\N
2296023041,13805,Akira Hirose,722,6412,21,833,503,7,\N
2195876559,16026,Akira Rinoshika,95,854,21,834,27,2,\N
2174985400,11485,Trevor Darrell,584,82705,21,835,2731,15,\N
2173309013,14647,Thomas Villmann,299,3818,21,836,366,10,\N
2171996713,16608,Hanqi Guo,46,504,21,837,323,9,\N
2111718706,15504,Liqiu Meng,167,1033,21,838,116,6,\N
2028271254,16717,Matthew Brehmer,31,506,21,839,465,8,\N
2021196530,13416,John R. Thome,442,14870,21,840,1251,13,\N
2013181858,17059,Bahador Saket,33,314,21,841,222,9,\N
2004137580,14798,Vahid Saadat,128,10906,21,842,1198,16,\N
2003201492,16317,Christian Rohrdantz,58,647,21,843,284,9,\N
1999569177,14370,Kevin Cleary,242,4889,21,844,800,9,\N
1998185443,15729,Juan Antonio Juanes MÃ©ndez,167,437,21,845,55,4,\N
1997693460,15521,Jean Hertzberg,114,1355,21,846,155,7,\N
1938765101,16029,Miguel Chover,108,496,21,847,120,6,\N
1898409829,16675,Pablo Ruisoto,63,210,21,848,120,5,\N
2112235554,16327,Sergio R. Martig,100,85,21,849,31,3,\N
2033870557,16439,Cagatay Turkay,63,561,21,850,273,8,\N
2110342502,15687,Zhicheng Liu,47,1695,21,851,529,10,\N
2157803585,13563,Robert D. Howe,308,10121,21,852,491,9,\N
2618893480,13032,Rick Stevens,190,20974,21,853,652,12,\N
2167046150,17156,Takanori Saga,35,35,21,854,6,2,\N
2165332023,15312,Emanuele Santos,38,1961,21,855,1005,11,\N
2165096182,16148,Joaquim Madeira,61,682,21,856,195,6,\N
2164671343,14005,Meichun Hsu,155,6316,21,857,477,9,\N
2131084071,14523,David Dagan Feng,304,3568,21,858,171,5,\N
2154306252,16761,Jian Zhao,27,582,21,859,323,9,\N
2150335851,15873,Pere Pau VÃ¡zquez,65,1035,21,860,108,6,\N
2148380128,15536,Jaegul Choo,116,1863,21,861,273,9,\N
2135752517,14304,Robert Ross,227,5436,21,862,333,11,\N
77808685,13018,Vasilis Ntziachristos,758,28215,21,863,757,10,\N
2124166521,15395,Soonhung Han,204,702,21,864,156,4,\N
2123954037,12048,Larry S. Davis,677,35510,21,865,1261,13,\N
2123236108,14395,Robert J. Zawadzki,297,4857,21,866,304,7,\N
2147008306,14115,Chong Wah Ngo,262,7298,21,867,414,10,\N
2145985750,16818,Dirk Burkhardt,50,184,21,868,94,6,\N
2145897939,15661,Suresh K. Lodha,51,1378,21,869,986,11,\N
2145075537,14360,Cecilia Aragon,200,4572,21,870,163,8,\N
2143490654,16219,Yun Jang,60,749,21,871,442,12,\N
2110178573,15282,Tudor GÃ®rba,87,2547,21,872,669,11,\N
725429779,13497,FranÃ§ois Chaumette,273,12034,21,873,352,9,\N
2148286169,14758,Clifford A. Shaffer,198,2544,21,874,357,10,\N
302613003,15309,Sudhir P. Mudur,148,1016,21,875,120,5,\N
2805783799,15849,Gunther Heidemann,83,984,21,876,209,8,\N
2401580807,16803,Helena Haapio,48,254,21,877,123,7,\N
326437611,14613,Anastasios Doulamis,325,3156,21,878,199,8,\N
2310626402,13366,BenoÃ®t Macq,542,9080,21,879,210,7,\N
2309474351,13791,Hirokazu Kato,232,6415,21,880,206,5,\N
2461098572,15817,Georges Pierre Bonneau,88,1006,21,881,557,9,\N
2461031361,15486,Sebastian Vogt,98,1575,21,882,516,13,\N
2312044665,16000,John R. Goodall,55,879,21,883,325,11,\N
282921755,14815,Luc Van Hoorebeke,338,2354,21,884,290,5,\N
2790038702,15974,Hantao Liu,82,896,21,885,354,7,\N
2421208202,13613,Daniel A. Reed,239,7349,21,886,546,12,\N
2514981286,15273,Diane T. Rover,135,1042,21,887,332,7,\N
259421104,14814,Norbert Podhorszki,153,2777,21,888,833,9,\N
566355492,14775,Bernice E. Rogowitz,119,2959,21,889,749,11,\N
43152936,14997,Houari Sahraoui,190,2955,21,890,307,8,\N
416106927,13938,Max MÃ¼hlhÃ¤user,711,4389,21,891,105,7,\N
415517593,14133,Abbas Rajabifard,430,4156,21,892,192,7,\N
349917418,16763,Ilir Jusufi,39,480,21,893,434,7,\N
337970077,13465,Emmanuel Barillot,271,11042,21,894,590,10,\N
335874646,14710,Martin Pinzger,121,3893,21,895,747,11,\N
2054530053,14076,Hans Torp,280,7226,20,896,189,7,\N
2041814779,16824,Elena Masala,57,117,20,897,72,6,\N
2046653803,13381,Benjamin B. Bederson,179,11216,20,898,923,10,\N
2051372983,15892,Marco DAmbros,46,1562,20,899,358,12,\N
2097407591,13976,Olaf Kolditz,447,6001,20,900,262,8,\N
2055039322,15147,Huy T. Vo,69,2256,20,901,1609,12,\N
2055603077,14099,Christian Bischof,298,4358,20,902,186,7,\N
2106192055,13651,Cynthia A. Toth,517,11858,20,903,279,9,\N
2112168521,15074,Satoyuki Kawano,321,1038,20,904,39,3,\N
2112675705,16314,Hiromichi Obara,101,221,20,905,9,2,\N
2065369832,16363,Chad A. Steed,63,453,20,906,200,8,\N
2110665805,16058,å‹å“‰ å¹³ç”°,149,4,20,907,0,0,\N
2110547101,14259,Kaiqi Huang,258,5714,20,908,707,11,\N
2109400951,16603,Yaoping Hu,58,376,20,909,69,5,\N
2088543067,14560,Luiz Velho,271,3185,20,910,100,5,\N
2080966806,13814,Eckehard Steinbach,414,5684,20,911,259,6,\N
2078443622,16834,Alexander Wiebel,37,425,20,912,310,8,\N
2077013643,16683,John Clyne,41,451,20,913,394,7,\N
2076196699,14962,Monika Sester,193,2205,20,914,209,9,\N
2075561300,13182,Stephen M. Pizer,352,10988,20,915,699,11,\N
2063580896,15893,Stan Ruecker,128,345,20,916,42,4,\N
2121150543,14126,Li Shen,431,8246,20,917,65,4,\N
2106994032,16158,Anna Puig,90,448,20,918,127,6,\N
1898487956,16590,GÃ¼nter Wallner,63,294,20,919,176,8,\N
2018720715,16053,AndrÃ© Skupin,46,1140,20,920,620,11,\N
2021322682,13132,Michael Batty,745,18052,20,921,414,10,\N
1936465587,15648,NM Bouchlaghem,124,771,20,922,191,5,\N
2224605647,13585,JongWon Kim,904,6585,20,923,60,4,\N
1839642794,15376,Giovanni Aloisio,165,1095,20,924,76,5,\N
1971724911,16929,Fumiaki Araki,41,83,20,925,26,3,\N
2012548583,12772,Ioannis Pitas,792,19201,20,926,207,7,\N
2011313876,14601,Marian Bubak,340,2305,20,927,143,8,\N
2006506007,14439,Kerry Hourigan,357,4559,20,928,410,12,\N
141108112,14900,Adrienne GrÃªt Regamey,250,3757,20,929,136,6,\N
1276266537,15743,GÃ¶ran Falkman,104,1049,20,930,181,8,\N
1241559162,15996,Youzou Miyadera,132,102,20,931,11,2,\N
1185234378,14214,Julita Vassileva,299,5365,20,932,224,8,\N
117170032,12811,George Em Karniadakis,788,29881,20,933,617,11,\N
1166170919,15171,Daniel Catchpoole,145,2870,20,934,40,4,\N
1809143268,12310,Elliot K. Fishman,1478,41599,20,935,288,9,\N
180245499,15018,Carsten Dachsbacher,167,2629,20,936,140,7,\N
1711454955,14139,Fotis Sotiropoulos,415,7713,20,937,406,11,\N
160230044,15367,StÃ©phane Conversy,84,1500,20,938,202,5,\N
1518638123,13569,Issam Mudawar,281,14338,20,939,888,13,\N
1988903348,15909,Koichi Ichimiya,145,316,20,940,35,2,\N
2027979619,15033,Roberto Tagliaferri,238,2216,20,941,119,4,\N
2026874867,16772,Tetsuhiro Tsukiji,57,57,20,942,32,3,\N
206117854,16457,Jaime Urquiza Fuentes,55,412,20,943,222,7,\N
2134211256,15104,Feng Shao,202,1574,20,944,219,11,\N
2175430514,15314,Ibrahim Hassan,187,1345,20,945,112,6,\N
2171354718,12418,Mubarak Shah,536,38990,20,946,1158,13,\N
2146883810,15564,Motoyuki Itoh,164,583,20,947,66,5,\N
2142771721,16495,Jonathan Woodring,44,652,20,948,317,11,\N
2142144847,16162,Takahiro Kiwata,131,5,20,949,68,4,\N
2141164367,13187,Simon K. Warfield,512,20106,20,950,358,8,\N
2140354321,13090,Chih Ming Ho,459,17883,20,951,1375,15,\N
2136378688,14616,Ali Borji,165,6613,20,952,2397,12,\N
2162420529,14514,Gangyi Jiang,361,2313,20,953,205,10,\N
727340923,14649,Thomas Strothotte,175,2945,20,954,160,6,\N
691928724,14103,Alberto Del Bimbo,430,6008,20,955,246,9,\N
664991274,15532,Luciana Nedel,134,1038,20,956,122,6,\N
2952759238,16842,Mike Sips,22,443,20,957,466,13,\N
38652433,14987,Lena Maier Hein,184,2448,20,958,201,7,\N
2462382856,15506,Oliver Rubel,49,949,20,959,229,7,\N
2460039973,15244,Fotis Liarokapis,137,1801,20,960,263,6,\N
2305970137,15183,Michelle X. Zhou,138,2221,20,961,718,12,\N
2304056762,16791,Glauco de Figueiredo Carneiro,55,159,20,962,126,6,\N
2344905332,14649,Jochen Teizer,163,4811,20,963,895,12,\N
2344022959,14251,Paul A. Iaizzo,484,5301,20,964,26,3,\N
2777031776,16021,Felix G. Hamza Lup,101,492,20,965,187,7,\N
2776117567,16817,Nadia Boukhelifa,34,414,20,966,305,8,\N
27377996,12424,Henning Hermjakob,321,48812,20,967,815,12,\N
2122031388,17234,Jia Kun Chen,29,173,20,968,94,6,\N
2129012084,12058,Joseph Katz,1550,41239,20,969,596,13,\N
2131585752,14823,Kuanquan Wang,298,2370,20,970,66,5,\N
2810892695,14669,Lauri Malmi,177,2739,20,971,996,11,\N
2170659199,14846,Andreas NÃ¼rnberger,260,2674,20,972,687,9,\N
2170254632,15656,Keizo Watanabe,120,620,20,973,70,5,\N
258783921,13814,Holly Rushmeier,208,6112,20,974,337,7,\N
2578243393,14844,Hiroshi Yamaguchi,262,2195,20,975,42,4,\N
2497316212,16589,Jean Baptiste Lamy,53,328,20,976,73,6,\N
2558039918,16158,Andy Marsh,75,302,20,977,113,5,\N
2608205691,14456,Anjaneyulu Krothapalli,159,3290,20,978,848,13,\N
287281087,15460,Olga Sourina,126,1779,20,979,406,9,\N
2913216944,14119,Haesun Park,221,7953,20,980,234,7,\N
2132883843,17405,æ´‹å­ æ¦ŠåŽŸ,39,0,20,981,1,1,\N
2894229052,15714,Zulkepli Majid,179,275,20,982,32,3,\N
2673033531,15026,Yang Yang,216,3969,20,983,459,12,\N
2671904776,16066,Takumi Washio,111,461,20,984,8,1,\N
2619264498,15932,Andreas Schreiber,79,603,20,985,79,6,\N
2151283093,15074,Julie A. Dickerson,124,3264,20,986,423,8,\N
2160793492,14635,Ling Yu Duan,238,3570,20,987,196,6,\N
2160608855,15629,John Moore,89,819,20,988,180,9,\N
2158409843,16926,Camilla Forsell,33,360,20,989,293,10,\N
2156474971,15294,Thomas Schultz,146,2544,20,990,228,8,\N
2133588961,16734,Makoto Oki,53,161,20,991,52,3,\N
2133456102,13822,Peter V. Coveney,523,10788,20,992,202,8,\N
188290536,15798,Federico Ponchio,45,993,19,993,418,9,\N
149106609,15956,Nicholas F. Polys,85,785,19,994,113,6,\N
1506336696,15112,Tomonori Tsukiya,235,927,19,995,194,8,\N
