authorID,rank,name,PaperCount,CitationCount,PaperCount_field,authorRank,CitationCount_field,hIndex_field,FellowType
1666292634,15283,Wolfgang Aigner,121,2211,46,164,1453,18,
1793363511,16309,Ryosuke Saga,93,179,24,676,44,3,
193994343,14273,Silvia Miksch,266,5291,71,68,1996,21,
210866836,15333,Ian T. Nabney,102,1875,26,552,274,6,
2112168521,15074,Satoyuki Kawano,321,1038,20,968,39,3,
2143783256,14291,Katy BÃ¶rner,242,6035,62,92,1243,17,
2154284134,14917,Masahide Murakami,221,1164,22,804,96,6,
37293949,15405,Haim Levkowitz,76,1514,25,593,880,8,
2124610550,16493,LukÃ¡Å¡ Herman,83,121,33,327,77,6,
2304056762,16791,Glauco de Figueiredo Carneiro,55,159,20,909,126,6,
2423497048,15741,Manoel MendonÃ§a,104,1043,26,538,227,8,
1438871885,14496,Heinz Handels,356,3639,25,617,280,10,
2030039896,14236,RÃ¼diger Westermann,180,5683,41,213,733,16,
2057632188,14178,Andreas Rauber,355,4790,27,500,950,14,
2146883810,15564,Motoyuki Itoh,164,583,20,924,66,5,
112613578,14545,Luca Chittaro,191,4754,26,571,905,16,
1992120996,14207,William Ribarsky,186,4642,94,34,1929,25,
2028355016,15903,Ingrid Hotz,108,870,43,185,256,9,
2122423217,13690,Kwan Liu Ma,512,10383,303,1,6096,43,
2122502592,13748,Bernd Hamann,512,7157,188,4,2035,25,
2237445521,14151,Hans Hagen,394,4806,165,5,2447,30,
2424001649,15010,Gunther H. Weber,122,1868,65,83,727,15,
2443936740,14358,Norbert Rahn,422,3443,25,597,392,10,
277778480,13596,John Shalf,236,9171,28,464,421,11,
2088024608,13223,Steve Benford,409,12308,23,692,441,10,
2154968417,14220,Jean Daniel Fekete,205,6911,98,30,3496,29,
216611935,13560,Catherine Plaisant,271,10537,74,61,3864,28,
2570943861,15151,James Ahrens,143,2189,75,60,1350,16,
332866935,16412,BenoÃ®t Otjacques,80,350,30,422,129,6,
403640012,14413,Georges Grinstein,194,3390,91,37,1825,18,
1983982202,14139,Natalia Andrienko,246,7356,80,51,3248,27,
2008344182,16231,Nahum Gershon,67,431,29,433,148,7,
2114505653,15472,Christin Seifert,148,948,24,631,247,8,
237265413,14045,Gennady Andrienko,272,8168,84,49,3299,28,
2789226822,15028,Michael Granitzer,220,1813,25,576,395,11,
154171363,14933,JÃ¼rgen DÃ¶llner,227,2365,86,42,874,17,
192202707,16200,Mikael Jern,58,801,32,348,562,11,
693769535,13819,Steven P. Reiss,177,5180,41,205,958,17,
2132849971,13236,Arie E. Kaufman,436,13348,117,15,2400,25,1
2143122238,17173,Beomjin Kim,45,60,22,806,44,5,
1094438419,16488,Kai Lawonn,78,390,43,187,275,11,
2133398056,14077,Toshio Ando,456,8075,24,653,1052,11,
2149494377,15331,David Gotz,99,2141,38,240,793,14,
2894229052,15714,Zulkepli Majid,179,275,20,941,32,3,
332475898,14224,Bernhard Preim,535,4000,159,7,1906,24,
1881081896,15117,Mohamed Al Hussein,241,1549,22,787,257,7,
2037513264,14799,Karl Heinz HÃ¶hne,63,1742,36,273,1090,19,
2157611257,14321,Chris North,205,5674,105,23,3722,31,
2166027141,15384,Francis M. Dwyer,151,1351,26,543,229,8,
96769270,15336,Andreas Pommert,57,1316,31,385,904,14,
2015235164,15033,Alex Pang,110,2390,59,104,1697,21,
2083449707,13524,Thomas Ertl,617,10241,268,2,4290,37,
2136127216,14026,David S. Ebert,358,6822,119,14,2482,25,
2059917588,14468,Alan Chalmers,322,3881,22,756,138,6,
2120088882,14475,Kenneth I. Joy,247,3773,108,21,1500,20,
2193023912,14888,Niklas Elmqvist,178,3647,91,36,2124,23,
2255233454,17147,Harald Obermaier,37,198,29,446,167,7,
720721530,15045,Robert S. Laramee,164,2853,106,22,2427,23,
2025685111,14218,Daniel Weiskopf,392,6450,223,3,3605,33,
206117854,16457,Jaime Urquiza Fuentes,55,412,20,955,222,7,
2153708411,15521,Hitoshi Asano,174,426,22,803,63,4,
2166341251,13650,Pheng Ann Heng,564,10689,38,239,430,11,
2206139417,15572,J. Ãngel VelÃ¡zquez Iturbide,101,1073,31,368,748,9,
2304186621,14014,Hans Peter Meinzer,387,6604,40,218,866,14,
2091398259,15066,Richard M. Kelso,170,2196,24,629,834,10,
2250804251,14708,Joan Adler,176,2721,26,561,119,7,
2308794863,15119,Aaron Quigley,200,1720,24,663,133,7,
336473884,13710,Peter Eades,218,8616,48,154,2707,15,
1167418905,13217,Marcia C. Linn,345,17817,23,724,866,14,
1975140722,13353,Nadia Magnenat Thalmann,589,10851,32,350,464,11,
2041814779,16824,Elena Masala,57,117,20,971,72,6,
2118134862,12915,Daniel Thalmann,758,16261,34,302,595,11,
2133897809,14030,Sang Joon Lee,569,6821,61,95,901,17,
2150335851,15873,Pere Pau VÃ¡zquez,65,1035,21,823,108,6,
2262403949,15591,Ronald Peikert,53,1727,32,366,1078,17,
2698075467,15471,Hamish Carr,87,1807,27,521,506,10,
2034849075,13428,Thomas A. DeFanti,177,6835,56,120,2857,19,1
2076420186,14887,Sheelagh Carpendale,309,7072,126,31,3208,30,
2123850919,14214,Margaret Anne Storey,192,6509,43,194,1773,20,
2163537161,14083,Jason Leigh,218,3999,81,50,1815,26,
2193668785,14316,Andrew Johnson,207,3182,68,77,1314,22,
2283139614,14718,Mihai Datcu,400,1434,37,262,186,8,
242315540,15248,Andreas Kerren,210,1469,101,27,1004,14,
2762167099,15474,Eduard GrÃ¶ller,197,3036,88,148,1440,22,
2104043266,15243,Tomohiro Kuroda,227,721,21,866,62,5,
2152632774,15474,Irene Cheng,162,1160,23,718,76,4,
2309474351,13791,Hirokazu Kato,232,6415,21,851,206,5,
2030366862,15286,Christopher G. Healey,106,2123,60,101,1690,20,
2123746788,13989,David H. Laidlaw,255,7566,103,26,2962,27,
2158434997,13554,Colin Ware,260,9784,56,119,3940,21,
2251068073,16025,ç¥ä¸€ æ‘äº•,153,9,35,283,0,0,
2579369268,15949,Christoph W. Borst,88,672,25,608,111,7,
327243226,15195,Robert Kosara,82,2400,59,106,1939,23,
544170546,14397,Tamara Munzner,118,5526,57,114,2932,26,
2194545686,14380,Gerald Schaefer,443,4715,39,225,323,9,
2235134787,14694,Hans Christian Hege,286,3538,68,76,1574,21,
2599374169,15681,Mohd Shafry Mohd Rahim,169,688,23,683,60,4,
1400123007,15038,Konstantinos Kontis,260,1922,25,616,297,11,
1429185800,15109,Anders Ynnerman,192,2227,59,103,654,13,
2162237831,14205,Klaus Mueller,275,5534,88,40,1263,20,
2571495213,13120,Min Chen,868,21779,104,25,1953,22,
1235285878,15460,Xavier Tricoche,87,1906,57,116,1109,16,
2087252583,13418,John Stasko,279,12060,123,12,6256,35,
2093104212,13789,Tobias HÃ¶llerer,245,6320,34,303,603,13,
194314948,15852,Gilles Halin,136,379,24,671,119,6,
1949160300,14369,Yassin A. Hassan,479,2804,45,173,590,12,
2030276371,16276,Sylvain Kubicki,93,306,22,786,110,6,
2044057687,14659,Gerik Scheuermann,257,3467,125,11,2220,29,
2056576592,14227,Dimitrios Tzovaras,518,3530,39,232,143,8,
2113582855,15603,Charl P. Botha,123,1015,55,122,540,12,
2151081949,14937,Frits H. Post,123,3051,63,87,2165,23,
2158171975,14183,Harald C. Gall,203,6688,24,645,798,13,
2169356058,15197,Alberto Raposo,221,1046,32,355,151,7,
335874646,14710,Martin Pinzger,121,3893,21,835,747,11,
139560512,14177,Vaclav Snasel,649,4123,22,780,121,6,
170241628,15300,Alfredo Vellido,168,1765,30,400,201,6,
2037917844,15399,Yuzuru Tanaka,162,1042,25,602,108,7,
2113934472,14226,Gregory M. Nielson,109,3650,34,298,666,14,
2289128761,13784,Roberto Scopigno,292,7785,55,123,1452,20,
2027979619,15033,Roberto Tagliaferri,238,2216,20,984,119,4,
618659213,14507,Dieter W. Fellner,380,2583,43,195,350,11,
668764113,11870,Ben Shneiderman,758,49467,104,24,13113,40,1
2005110205,15314,Ken Brodlie,82,1770,45,174,1194,17,
2021322682,13132,Michael Batty,745,18052,20,982,414,10,
2023471731,16409,Lucio Tommaso De Paolis,77,390,22,785,122,5,
2101507671,14499,Cristina Conati,172,4470,26,556,513,11,
155781915,14597,Emilio Corchado,340,3636,48,157,492,10,
2017897688,15761,Daniel Archambault,79,1298,27,529,396,10,
2019835715,16377,Romain Bourqui,66,477,27,530,234,8,
2020036024,15687,Christoph Garth,99,1443,70,71,1159,19,
2032738043,13006,Peter Brusilovsky,504,18064,52,130,582,16,
2098528998,15591,David Auber,66,1645,33,338,701,12,
2110178573,15282,Tudor GÃ®rba,87,2547,21,854,669,11,
2170596006,15782,Ãlvaro Herrero,133,786,30,414,370,9,
2485163583,13797,Oscar Nierstrasz,383,7860,27,518,436,11,
2779206936,15023,Guy MelanÃ§on,101,2853,35,296,1689,10,
117518403,14865,Yasushi Kiyoki,352,878,28,479,22,3,
119326234,14692,Gabriel Wainer,341,2450,26,572,365,8,
1997693460,15521,Jean Hertzberg,114,1355,21,886,155,7,
2142123371,15415,Ross Maciejewski,141,1884,48,151,645,15,
2143063412,15420,Robert J. Moorhead,136,1208,71,70,653,11,
2913216944,14119,Haesun Park,221,7953,20,942,234,7,
2009834041,14652,Cathal Gurrin,322,2568,28,486,165,7,
2108305646,15592,Jaakko Peltonen,108,1291,25,604,588,9,
2132435563,13927,Noel E. OConnor,567,6029,47,162,504,12,
2133129399,15865,Carla M. D. S. Freitas,88,886,46,171,370,13,
2172294716,14836,Xiaopeng Zhang,233,2462,22,768,349,8,
2998626336,20235,W.Q. Chen,2,11,86,41,770,14,
2103920730,11775,Luc Van Gool,1185,63212,46,170,1328,16,
2165267828,12630,Geoffrey C. Fox,940,18599,25,587,279,9,
1916366858,15645,Roberto TherÃ³n,153,1001,50,141,415,11,
2074426352,14010,Ernst Rank,492,5996,29,451,253,7,
2114361001,13394,Helge Ritter,636,9737,22,759,332,10,
2147514866,14078,Chaomei Chen,230,8333,63,86,3641,22,
5114806,14051,Fabio Remondino,261,5987,33,342,1201,15,
572302453,12688,Nassir Navab,1327,23435,144,8,2051,24,
743507883,13594,Michael Gleicher,197,9431,34,320,841,17,
1615293024,13675,Michael Markl,629,12981,34,318,2257,20,
2138458960,14414,Helwig Hauser,195,5698,123,13,4330,38,
2149823972,16088,Rainer Groh,115,324,31,386,80,5,
2157164624,14880,Horst K. Hahn,199,3639,28,474,381,8,
2158780083,15683,Ross Brown,154,720,41,208,305,10,
2085846229,15197,Peter Hastreiter,108,2715,49,145,1275,18,
2146555714,15009,Peter Rodgers,189,2413,31,393,397,11,
2162501131,15575,Gem Stapleton,145,1000,25,584,226,9,
70881205,14169,Christopher Nimsky,346,8946,38,235,1290,13,
2046772540,14496,Enrico Gobbetti,221,3661,49,147,784,15,
2157743775,12883,Hsinchun Chen,829,24466,52,133,1733,20,1
2326079530,13321,Alan F. Smeaton,680,11426,30,424,207,7,
1041509233,16041,Kamran Sedig,94,874,24,678,281,10,
2035737473,15307,Marcelo Gattass,166,1492,26,566,142,8,
2088543067,14560,Luiz Velho,271,3185,20,963,100,5,
100176519,13379,Dieter Schmalstieg,488,11704,88,39,1952,26,
2096807727,15485,Alias Abdul Rahman,184,637,28,492,206,6,
2131835883,14591,Sisi Zlatanova,262,2895,38,242,350,10,
2805783799,15849,Gunther Heidemann,83,984,21,844,209,8,
192858880,13929,Alan M. MacEachren,215,8877,44,184,4622,25,
2113528437,14450,Danyel Fisher,135,5218,47,159,2121,22,
2167724650,14396,Ebroul Izquierdo,474,3065,27,507,117,6,
2204539166,14885,GÃ¼nther Greiner,133,2549,29,447,673,7,
2099365047,15139,Jo Wood,125,2257,39,233,1061,18,
2148268392,13554,Rudolf Kruse,572,10381,22,810,176,6,
2152659900,12982,Jerry L. Prince,651,21697,25,582,738,10,
2289542925,12944,Michael W. Vannier,449,16222,30,417,823,14,
2107935922,14638,Heidrun Schumann,224,3948,100,28,2985,27,
2471229198,14927,Takayuki Itoh,241,1697,109,20,437,9,
2425873571,13478,Clifford A. Pickover,702,11359,22,760,150,8,
2133981417,13995,David A. Yuen,446,9888,32,360,250,9,
2134858009,14276,Barbara Hammer,455,5361,33,330,525,14,
2136258827,14674,Han Wei Shen,209,3925,111,18,1779,25,
2230931838,15384,Lars Linsen,192,1107,77,53,466,12,
2424929565,16124,Jimmy Johansson,63,848,34,312,503,13,
2024561599,15112,Duen Horng Chau,138,2705,28,484,302,9,
2146130473,15382,Jim X. Chen,138,1055,24,658,285,8,
2195876559,16026,Akira Rinoshika,95,854,21,899,27,2,
2198983026,11767,Christos Faloutsos,787,56487,26,559,1800,13,1
2128962052,15671,Matthew Cooper,90,910,27,508,336,11,
2146473740,12715,Dinesh Manocha,797,23481,22,808,301,8,
2158409843,16926,Camilla Forsell,33,360,20,933,293,10,
283251092,13999,Philipp Slusallek,276,6968,23,707,231,9,
700636827,14129,Yuval Shahar,208,5170,24,667,547,15,
125784020,13801,Thomas J. Overbye,312,5723,39,228,491,12,
2056879232,13504,Carl Fredrik Westin,412,16016,21,862,1221,9,
2070382900,15138,JÃ¶rn Kohlhammer,140,2376,52,135,577,12,
2090988392,12148,Ferenc A. Jolesz,696,53807,30,410,3326,18,
2145806822,16296,Maria Beatriz Carmo,92,246,31,392,129,7,
2163697134,16250,Ana Paula Afonso,77,419,31,388,121,7,
2268440790,15888,David Fonseca,124,620,28,458,281,8,
908076792,12180,Ron Kikinis,720,48433,85,45,8559,32,
1994040240,12094,Arthur W. Toga,1274,81496,32,349,1787,15,
2100495616,15534,Jeremy S. Meredith,68,1646,30,407,520,9,
2166896707,15251,Hank Childs,157,1678,99,29,876,14,
2237883256,13561,Ed H. Chi,209,11691,27,509,1328,14,
1898409829,16675,Pablo Ruisoto,63,210,21,884,120,5,
2112764583,14967,Jessie Kennedy,143,2537,43,191,676,13,
2356811210,20922,Robert C. Nelson,1,2,29,429,425,11,
716564155,15270,Eileen Kraemer,89,2881,25,592,365,9,
2013511199,14913,Victoria Interrante,132,2696,44,182,1113,14,
2044770413,12857,Jock D. Mackinlay,131,15477,24,641,5865,13,
2101761023,15553,Nan Cao,116,1578,62,90,959,17,
2103237498,14786,Huamin Qu,231,3606,114,17,2390,26,
2144192189,14891,Jason Dykes,171,2796,76,54,1973,22,
2373764766,16042,Quang Vinh Nguyen,110,530,65,82,383,8,
614907589,12244,Stuart K. Card,175,25366,28,487,7540,18,1
1273432415,15887,E. Wes Bethel,94,775,68,79,466,12,
2682213054,14759,Torsten MÃ¶ller,139,3902,42,201,1799,21,
2006893438,13676,Chandrajit L. Bajaj,390,8879,52,131,1197,17,1
1831214372,15708,Pavel Slavik,131,668,24,668,114,7,
2032128463,15324,Ulf Tiede,69,1314,42,198,1348,20,
2097880949,14773,Zhihan Lv,239,4106,25,598,789,16,
2148286169,14758,Clifford A. Shaffer,198,2544,21,821,357,10,
1245592906,15114,Giuseppe Santucci,183,1680,28,480,294,10,
1916196745,14937,Ian D. Bishop,148,3154,33,322,599,14,
2017665327,15846,Jens Volkert,118,563,28,483,139,6,
2321599603,15272,Dieter KranzlmÃ¼ller,204,1214,27,520,172,7,
384813227,15919,T. J. Jankun Kelly,50,1083,28,489,822,14,
2153352774,15370,Beatriz Sousa Santos,194,1220,58,110,303,7,
2165096182,16148,Joaquim Madeira,61,682,21,827,195,6,
1672749942,15156,Tobias Isenberg,166,2498,73,64,1108,20,
2080617136,14423,Alexandru Telea,334,4419,135,9,2051,26,
2120678171,14400,Joaquim A. Jorge,315,3986,27,498,278,8,
2169279047,15116,Dirk Bartz,151,1829,22,801,221,9,
1907387910,14851,Frank Steinicke,243,2411,22,788,249,9,
1983980497,12045,Klaus Schulten,929,91377,26,567,25605,15,
2097407591,13976,Olaf Kolditz,447,6001,20,977,262,8,
2102717697,16262,Francis T. Marchese,63,473,21,875,126,6,
2149490020,14637,Klaus Hinrichs,186,2691,35,284,433,11,
2121150543,14126,Li Shen,431,8246,20,980,65,4,
2149922296,14677,Wen Jei Yang,287,1794,71,69,123,6,
2017222965,11435,Ian Foster,813,70237,26,563,1071,16,1
2166292476,14587,Falk Schreiber,203,4963,54,126,1276,15,
285281174,17207,Dirk Zeckzer,39,120,26,574,89,5,
2100138734,15931,Ruiz Estrada,153,69,26,555,13,2,
2154410805,15605,R. Daniel Bergeron,59,922,24,649,385,10,
2436183587,13310,Ajit P. Yoganathan,736,16568,37,266,1224,19,
1166170919,15171,Daniel Catchpoole,145,2870,20,991,40,4,
2018720715,16053,AndrÃ© Skupin,46,1140,20,981,620,11,
2114031719,14767,James J. Thomas,79,3260,33,336,1551,18,
2163374114,15091,Pak Chung Wong,101,2413,54,125,959,16,
735013031,14837,Simeon J. Simoff,282,2011,48,153,270,9,
2017812127,14642,Agma J. M. Traina,325,3160,23,739,117,7,
1874963680,14077,Shigeru Obayashi,382,4528,24,670,321,7,
2055047545,14307,Wilhelm Hasselbring,475,3511,26,554,203,7,
727340923,14649,Thomas Strothotte,175,2945,20,917,160,6,
2032593886,16077,Naohisa Sakamoto,105,322,48,155,108,4,
2171310226,13078,Jie Tian,1235,17655,25,620,216,8,
2211407898,13996,Mo Samimy,298,7380,38,236,2044,21,
2774985988,14364,Predrag Stojan Hrnjak,309,2843,21,902,133,4,
322212130,15170,Koji Koyamada,205,949,76,56,251,9,
2052808332,15908,Peter Bak,75,1013,33,335,686,13,
2138839063,14677,Zhigeng Pan,293,2332,25,588,107,6,
2147343253,13047,Daniel A. Keim,576,20007,215,6,6853,39,
2193108720,14164,Christopher R. Johnson,268,5879,95,33,2393,23,
391330844,13922,Paolo Cignoni,182,7982,41,206,1307,17,
50251746,14974,Roger Crawfis,111,2022,27,531,410,8,
2007505320,12391,Max A. Viergever,795,38953,42,199,1065,17,
220305330,14549,Martin J. Eppler,317,4298,63,88,888,13,
2205287187,12967,Wiro J. Niessen,615,20795,27,514,761,13,
292280582,15391,Timo Ropinski,163,1505,62,93,755,14,
1569396467,14851,Pourang Irani,194,3082,32,351,545,12,
1984838606,11856,Li Fei Fei,366,68242,29,435,3523,24,
2030906650,13476,Jannick P. Rolland,542,9340,57,115,1185,17,
2103155697,14372,Jianping Fan,296,5164,44,177,1078,16,
2110271688,15982,Hangzai Luo,55,1183,22,758,503,11,
2129763075,13290,Richard A. Robb,430,9931,58,111,1355,15,
2152796385,15604,Anand P. Santhanam,132,784,23,719,198,9,
2777031776,16021,Felix G. Hamza Lup,101,492,20,906,187,7,
2103580512,16592,Lane Harrison,48,516,29,452,336,10,
2275486400,16288,Aidong Lu,71,658,38,238,342,10,
2952759238,16842,Mike Sips,22,443,20,914,466,13,
1993881951,15830,Filip Sadlo,98,1125,52,132,389,11,
2072553995,15694,Rahul C. Basole,96,1785,30,413,336,9,
2122159418,14542,Martin Rumpf,221,3967,32,356,765,15,
2460039973,15244,Fotis Liarokapis,137,1801,20,911,263,6,
999226360,14691,Leila De Floriani,223,2774,23,745,504,6,
2049612993,16038,Ching Kuang Shene,79,622,35,295,314,9,
2104903838,15582,Hongfeng Yu,97,1419,40,215,814,16,
2160611799,15510,Rong Fung Huang,123,1484,59,107,636,14,
141417644,16158,æ²»éƒŽ èˆŸæœ¨,135,2,21,880,0,0,
1981749074,15772,M.E. Groller,41,1684,24,673,636,13,
2009043698,15216,Anna Vilanova,174,2278,69,72,924,17,
2017298756,15516,Lloyd A. Treinish,73,1002,34,314,839,14,
2110665805,16058,å‹å“‰ å¹³ç”°,149,4,20,966,0,0,
2208814380,15649,Chaoli Wang,104,1390,62,94,701,14,
2604965107,17009,Ying Zhao,43,255,30,419,195,9,
2050675000,14114,Gudrun Klinker,255,4050,28,493,478,12,
2069749540,13073,Mark Billinghurst,557,15404,42,197,1282,14,
2113072124,15158,Masashi Toyoda,188,2266,23,694,144,8,
2187434097,16325,Jason Wood,29,631,23,698,583,11,
229365224,14670,Erkki Sutinen,242,2685,29,444,533,10,
1989461925,15367,Alexei Sourin,138,1426,33,324,398,11,
2118059029,15271,Nigel W. John,135,1732,33,337,285,10,
2150898947,15171,Jonathan C. Roberts,160,2156,76,55,1463,17,
2189376613,13921,Nelson Max,175,4259,31,367,820,12,
2465679776,16232,Remo Burkhard,51,677,26,540,336,9,
1975749114,15137,Falko Kuester,174,1538,50,142,480,12,
2010936615,15322,Gopalan Jagadeesh,196,1179,23,733,264,9,
2120354901,15374,Jinman Kim,172,1671,26,549,111,5,
2158935544,14885,Jarke J. van Wijk,115,4511,118,78,4947,37,
273213970,15766,Masood Masoodian,130,701,34,321,149,7,
1971971201,15429,Christian Tominski,69,2324,47,163,2114,20,
2100348147,14084,Julio Soria,461,5256,30,406,984,15,
2153815270,14593,Anup Basu,268,2796,28,471,67,4,
2167821236,15253,Maxine D. Brown,58,1167,26,544,839,14,
275330042,14637,Gordon Kindlmann,97,4991,32,353,1405,19,
37046778,15182,Yarden Livnat,47,1705,22,750,916,11,
566355492,14775,Bernice E. Rogowitz,119,2959,21,841,749,11,
1180447748,16301,Halldor Janetzko,52,662,22,777,227,8,
2019979581,14916,Ari Korhonen,108,2139,24,677,868,10,
2171394160,15434,Kazumi Saito,107,1552,22,767,125,5,
2280587364,16009,Attila Gyulassy,55,1059,25,622,480,10,
2431320518,14875,Ondrej Krejcar,326,1417,26,539,119,5,
2806002416,15867,Tobias Schreck,127,612,68,75,978,17,
2810892695,14669,Lauri Malmi,177,2739,20,940,996,11,
2101528751,15532,Brian Fisher,104,1427,24,640,357,9,
36542275,13139,Jayaram K. Udupa,443,13619,53,128,948,15,
1863463115,15346,Andrea Sanna,168,1211,27,526,284,8,
2004137580,14798,Vahid Saadat,128,10906,21,890,1198,16,
2100961798,16127,Benjamin Bach,64,968,43,190,667,13,
2155481213,15540,Achim Ebert,178,657,61,96,348,10,
2251081518,14911,Ellen K. Longmire,177,2631,22,766,424,10,
230994779,15237,Yasufumi Takama,234,682,34,311,166,7,
1258240770,14001,Daniel J. Sandin,73,4556,28,481,1875,11,
1968236442,15106,Kunihiro Nishimura,292,1118,23,735,36,4,
2100559988,14239,Michitaka Hirose,461,2604,52,134,496,8,
2126764247,14070,Reinhard Klein,318,6586,36,280,561,12,
2141517490,15864,Mark W. Jones,71,1223,24,656,639,12,
2149631809,11414,Thomas S. Huang,1386,75366,38,241,920,15,
111041040,13945,Takeshi Furuhashi,426,3561,39,226,47,3,
2158833350,15286,Tomohiro Yoshikawa,230,551,39,224,51,3,
2100324971,15078,Shigeo Takahashi,138,1818,25,599,231,6,
2133795835,16391,Klaus Engel,72,311,32,359,488,10,
2150501184,15412,David J. Duke,109,1581,29,440,278,9,
2013743603,13801,StÃ©phane Ducasse,456,8968,44,183,1711,20,
138336618,15821,Helmut Doleisch,31,1610,27,528,1459,15,
2033418608,14363,Tomoaki Kunugi,423,2224,26,565,150,7,
2038031061,16541,Allen Sanderson,41,493,26,553,104,5,
2059591427,13823,Charles Hansen,250,7436,117,16,3582,29,
2150576810,13590,ClÃ¡udio T. Silva,366,11253,129,10,3400,29,
2296065211,13992,Valerio Pascucci,330,7438,110,19,2549,26,
18512383,16006,Craig Anslow,96,678,34,319,213,7,
2012598026,15993,Uta Hinrichs,67,854,22,783,271,9,
2103426042,14198,James Noble,350,5863,31,373,267,10,
2111668110,15193,Petra Isenberg,112,2732,64,84,1940,24,
2175384922,13851,Andreas Holzinger,566,10181,36,282,550,11,
2103651567,14286,Menno Jan Kraak,414,3812,76,57,2153,18,
2278104853,14277,Takeyoshi Dohi,324,3468,25,621,345,9,
2101266097,15588,Yingcai Wu,94,1885,54,124,1198,15,
2107516595,14961,Tong Yee Lee,142,2853,21,868,600,9,
2149314003,15339,Hwan Gue Cho,194,1088,28,469,68,4,
1982604454,12689,Bahram Javidi,974,23189,76,58,1089,13,
2117074476,15567,Weidong Huang,139,1185,41,204,453,9,
2123236108,14395,Robert J. Zawadzki,297,4857,21,816,304,7,
2139317975,15313,Mao Lin Huang,186,1238,95,32,926,14,
2271381371,15775,Myungjin Cho,96,892,22,763,188,5,
2777710565,15085,Issei Fujishiro,218,1253,73,63,426,11,
2059307601,14472,Gordon Erlebacher,158,3725,29,450,490,13,
2174600408,15927,Thomas Wischgoll,115,685,45,172,364,7,
1989483876,16251,Mario Hlawitschka,77,501,35,287,269,10,
2461567593,12734,David J. Hawkes,659,24649,23,688,889,15,
2576425098,13690,Heinz Otto Peitgen,300,9115,31,378,513,14,
695630297,13995,Giuseppe Di Battista,245,5797,22,752,1874,6,
2136437054,15811,Mario Arturo,173,78,24,654,13,2,
2063580896,15893,Stan Ruecker,128,345,20,956,42,4,
2421208202,13613,Daniel A. Reed,239,7349,21,847,546,12,
323429155,14373,Jos B. T. M. Roerdink,329,4449,58,112,517,12,
2102429099,14522,Matthew O. Ward,142,4368,58,113,2373,22,
2116519607,13861,Juliana Freire,257,8151,38,246,2084,18,1
2119064567,18430,Carlos Scheidegger,6,63,36,276,1580,16,
2138628275,17166,Simon Su,36,96,23,721,57,5,
2165332023,15312,Emanuele Santos,38,1961,21,828,1005,11,
76195016,15822,Andreas Gerndt,124,401,29,455,97,5,
1224470917,15777,Kelly Gaither,55,1684,31,380,260,9,
2111902190,13104,Terry M. Peters,492,15463,85,44,2045,22,
2153175125,15247,Lyn Bartram,93,2009,28,470,416,11,
180245499,15018,Carsten Dachsbacher,167,2629,20,989,140,7,
1991380867,13867,Erik Duval,336,6420,22,772,702,13,
2105223493,15645,Sadanari Mochizuki,117,806,24,639,192,5,
2791355885,15503,Akira Murata,170,784,24,660,173,5,
2078443622,16834,Alexander Wiebel,37,425,20,961,310,8,
664991274,15532,Luciana Nedel,134,1038,20,915,122,6,
1991399815,14846,Malcolm Munro,163,2467,22,773,350,10,
36478446,15661,Emmanuel Pietriga,70,1412,22,749,334,8,
2053495855,15481,Boris Kovalerchuk,154,1118,23,690,79,5,
1833644239,16820,Tanja Blascheck,43,391,24,669,352,10,
2063208255,15152,Tim Wilhelm Nattkemper,201,2273,36,277,420,10,
2255952013,16101,Jukka M. Krisp,117,356,23,703,98,5,
2257265516,15764,Song Zhang,72,1436,34,313,840,14,
2608045918,15440,Michael Burch,127,2007,84,47,1185,19,
2077013643,16683,John Clyne,41,451,20,960,394,7,
2119202230,15348,Daniel F. Keefe,156,1420,60,99,727,15,
2172094290,12776,George G. Robertson,206,16846,48,158,4177,24,1
51092151,13659,Joachim Hornegger,631,10038,27,532,275,8,
511619218,14827,Patrick Le Callet,283,2234,33,343,462,11,
1976763668,14794,Peer Timo Bremer,224,3124,71,67,1173,15,
2154166576,13924,Changsheng Xu,403,9471,31,387,773,14,
14227721,13541,Steven M. Drucker,254,10995,39,229,2167,18,
2119006874,15625,Alexandre Bergel,139,1037,40,214,214,9,
2149241181,16644,Rita Borgo,46,471,34,305,453,12,
260487745,12809,Heinrich H. BÃ¼lthoff,1507,22243,23,684,149,7,
2120354443,13082,Richard B. Miles,805,19789,31,372,553,10,
1998742316,15303,Luc Renambot,80,1299,35,288,597,14,
2289975239,12963,Markus Gross,552,22483,51,136,798,17,
1837758571,16228,Kawa Nazemi,84,356,32,347,204,9,
1965032571,14594,Arjan Kuijper,353,2471,26,573,135,7,
2145985750,16818,Dirk Burkhardt,50,184,21,814,94,6,
1986545499,15800,Katja BÃ¼hler,86,1115,21,881,334,7,
2057155413,15305,Markus Hadwiger,122,2102,47,160,740,15,
2026169623,15241,Penny Rheingans,83,2288,46,166,1486,20,
2154354769,15936,Christian Hansen,121,678,24,648,263,7,
160230044,15367,StÃ©phane Conversy,84,1500,20,987,202,5,
1770354363,15497,Christophe Hurter,147,1379,59,102,1026,17,
2043886014,16889,Maxime Cordeil,36,358,21,859,237,8,
2063125263,16418,Andrew Vande Moere,74,421,59,105,1054,16,
1276266537,15743,GÃ¶ran Falkman,104,1049,20,995,181,8,
1969143862,16536,æ˜­ä¸€éƒŽ é£¯å°¾,93,0,21,882,0,0,
2128028739,16783,David Rogers,44,276,26,548,114,6,
2133015419,16305,æ•å½¦ æ± ç”°,113,12,25,581,0,0,
2215764594,15654,Harald Kleine,112,867,33,340,273,10,
2061270251,14630,WÅ‚odzisÅ‚aw Duch,251,3462,24,634,222,9,
2114909248,15273,Haiying Wang,200,1616,20,970,226,8,
2156193085,15785,Shiaofen Fang,96,1005,37,253,201,7,
1995119908,16599,Lucian Voinea,39,508,27,525,428,12,
2139883648,14905,Vineet R. Kamat,198,2605,59,108,1305,23,
1972210605,15778,Gitta Domik,89,493,28,485,175,8,
2013701728,16458,Wolfgang Kienreich,46,460,23,734,336,9,
2136969582,15664,Vijay Natarajan,94,1374,28,475,387,9,
2190549940,15424,Venkatram Vishwanath,120,1321,30,416,458,11,
164342485,15307,Robert Haimes,90,1573,25,618,324,11,
2099306614,14247,Michele Lanza,238,7200,84,48,2888,30,
2514981286,15273,Diane T. Rover,135,1042,21,843,332,7,
2130365379,15098,Seok Hee Hong,198,1851,44,179,567,12,
2020956399,14010,Hideo Saito,542,3228,30,401,77,5,
2620953350,16192,ZdenÄ›k TrÃ¡vnÃ­Äek,64,726,25,577,354,12,
1229337910,16597,Simone Kriglstein,63,275,39,227,239,8,
2029452627,14899,Torsten Kuhlen,294,2062,91,35,809,15,
2113308670,13980,Fernanda B. ViÃ©gas,79,9670,35,291,3849,23,
2117564997,15414,Stefan Bruckner,120,1918,55,121,940,16,
2122506644,14244,Martin Schulz,324,5562,26,546,258,9,
2139539936,13664,Martin Wattenberg,106,12387,37,254,4075,26,
2169456843,14910,Stefanie Rinderle Ma,238,2956,26,545,147,5,
2346034927,16122,Vedran Sabol,78,575,24,664,283,10,
987576913,16394,Christoph Heinzl,55,460,23,744,298,9,
2220391272,17404,Masahiko Itoh,26,142,23,699,131,8,
2141164367,13187,Simon K. Warfield,512,20106,20,921,358,8,
1982371727,15946,Norma Alias,146,216,23,741,27,3,
2304039527,15711,Kenji Ono,186,201,38,243,45,4,
2026695290,16701,Yuriko Takeshima,51,222,23,740,28,3,
2102216805,13076,Qi Tian,869,20337,90,38,2163,27,
692150028,13920,Reinhard Klette,570,6047,25,591,139,7,
2149432401,15154,Azam Khan,106,2406,23,716,517,13,
298381783,15248,Dorit Merhof,242,1475,30,423,451,9,
1857976452,15262,Lorenz Hurni,179,1370,30,403,290,8,
2129174359,14081,Kensaku Mori,487,4171,25,580,133,5,
1968586732,14760,Andreas Kolb,170,2995,23,736,116,7,
2104003072,15670,Petr KubÃ­Äek,171,318,35,293,140,6,
2116643162,16906,Ignacio DÃ­az,43,202,21,869,125,6,
1510273344,14631,Marek R. Ogiela,363,2901,27,523,123,7,
2157803585,13563,Robert D. Howe,308,10121,21,820,491,9,
2232251205,14469,Toshio Kobayashi,352,2985,46,168,454,11,
2401580807,16803,Helena Haapio,48,254,21,853,123,7,
2118199879,14838,Dianne Cook,145,2955,30,412,850,16,
2894295354,15546,Jinah Park,126,781,28,490,104,6,
43152936,14997,Houari Sahraoui,190,2955,21,840,307,8,
198127655,16691,Arnaud Sallaberry,54,315,22,769,110,6,
2023608286,15329,Remco Chang,119,2102,60,100,1189,21,
2054348169,16372,Caroline Ziemkiewicz,31,829,22,755,552,12,
2157271971,16158,Wenwen Dou,62,817,24,643,396,9,
349917418,16763,Ilir Jusufi,39,480,21,837,434,7,
2131773813,14578,Deborah Silver,135,4016,62,91,2360,18,
2151283093,15074,Julie A. Dickerson,124,3264,20,936,423,8,
2346468378,14227,Daniel Razansky,413,7552,22,761,745,10,
2578243393,14844,Hiroshi Yamaguchi,262,2195,20,947,42,4,
77808685,13018,Vasilis Ntziachristos,758,28215,21,832,757,10,
2123005041,14121,Bruce H. Thomas,266,4393,49,150,684,16,
2132883843,17405,æ´‹å­ æ¦ŠåŽŸ,39,0,20,928,1,1,
2152164863,16711,æ­£æ¨¹ é è—¤,78,0,24,646,1,1,
2076196699,14962,Monika Sester,193,2205,20,959,209,9,
2676222217,15878,Anastasia Bezerianos,74,1129,40,220,735,15,
292912710,15687,Klaus Schoeffmann,123,1035,24,661,328,9,
2238436238,15294,Atsushi Okajima,184,696,23,704,136,7,
1984815221,15408,Ivan Viola,141,1839,75,59,715,15,
2070539660,14724,John Hosking,235,2943,33,334,382,10,
2166984636,14331,Robert Biddle,271,4769,33,333,252,10,
2311088539,14067,John Grundy,481,5920,48,152,398,10,
2131329962,12631,Russell H. Taylor,739,24788,32,357,573,13,
2038232653,14112,Alexander Toet,237,5341,21,858,786,10,
38652433,14987,Lena Maier Hein,184,2448,20,913,201,7,
2042248411,13555,Alexander Smits,548,10693,36,275,1018,19,
2088994775,16585,Lucas Mello Schnorr,60,225,21,864,91,6,
2810149034,16248,Yu Zhou,84,546,26,575,786,14,
332226850,15259,Sara Irina Fabrikant,129,2328,23,746,1126,14,
2164671343,14005,Meichun Hsu,155,6316,21,826,477,9,
2608205691,14456,Anjaneyulu Krothapalli,159,3290,20,944,848,13,
689294964,13010,Umeshwar Dayal,351,15127,61,97,1033,19,1
2106788355,14182,Amitabh Varshney,124,4933,27,497,384,10,
1275326801,16545,Romain Vuillemot,49,706,28,482,628,8,
2085234058,16033,Wesley Willett,59,990,21,863,120,6,
2135628551,16589,Charles Perin,60,351,40,221,306,9,
89785269,15159,Pierre Dragicevic,94,2696,33,341,1102,17,
2129964813,15423,Steffen Lohmann,134,1351,29,442,450,10,
2344226991,12855,Paul Suetens,575,20906,28,465,386,7,
123715996,16170,Niko Myller,39,741,21,879,499,10,
2107779997,16848,Kyoko Hasegawa,59,81,28,491,62,3,
2138352179,13666,Haibin Ling,303,11347,23,720,1301,13,
2170659199,14846,Andreas NÃ¼rnberger,260,2674,20,951,687,9,
2009660514,15709,Aidan Slingsby,93,1050,31,381,736,11,
2017983725,14867,Christopher D. Hundhausen,103,2659,25,612,1345,13,
2110385964,14234,Jens KrÃ¼ger,204,5594,37,252,581,11,
2135052836,12533,Hans Peter Seidel,1187,31610,58,109,1874,23,
2221571744,15716,Saturnino Luz,132,927,29,448,137,7,
1971342715,16094,Jean Yves Blaise,112,137,23,737,45,4,
2147574392,14661,Andreas Butz,227,2913,29,439,346,10,
726544989,16188,Iwona Dudek,103,121,22,753,45,4,
1286943279,16027,Michelle A. Borkin,46,1405,22,779,515,7,
2064750564,14689,Stephan Diehl,163,3721,49,146,901,15,
2102290556,13297,Hanspeter Pfister,413,15937,85,43,3241,29,1
2162039953,16096,Fabian Beck,61,1126,44,181,678,15,
1226911827,13967,Ulrik Brandes,234,9433,27,527,553,11,
1938765101,16029,Miguel Chover,108,496,21,885,120,6,
1993486354,12882,Loet Leydesdorff,955,29826,43,186,1387,14,
1995003537,14229,Steven G. Parker,128,4515,37,261,833,13,
2068916923,15381,Gilles Venturini,126,1383,21,876,51,4,
1998938290,11923,Michael Stonebraker,431,27762,22,781,512,13,
1719961615,16317,Olga Kurasova,84,407,29,431,252,10,
208143273,14741,Ismet Gursul,198,3637,25,605,656,14,
2140354321,13090,Chih Ming Ho,459,17883,20,920,1375,15,
99198979,15856,Gintautas Dzemyda,126,643,37,255,312,11,
2157821257,15538,Kia Ng,137,674,24,644,89,5,
2558039918,16158,Andy Marsh,75,302,20,945,113,5,
1239001225,15435,Gregory Leptoukh,122,1408,23,727,662,7,
2078060999,15647,Michael Sedlmair,81,1586,45,175,1149,17,
2104476252,15359,Christopher Pettit,191,1417,30,405,323,11,
1241559162,15996,Youzou Miyadera,132,102,20,994,11,2,
717146719,14135,Gary S. Settles,196,5354,26,535,665,12,
2037139690,15916,Berk Geveci,52,1307,37,250,1118,12,
2065369832,16363,Chad A. Steed,63,453,20,957,200,8,
2160408552,14934,Dean N. Williams,124,2059,22,795,363,7,
2233525272,15989,David Pugmire,68,991,28,460,225,7,
2146770782,15684,Satoshi Someya,151,494,25,583,28,3,
2163751157,14852,Koji Okamoto,293,1527,56,118,292,6,
2116548023,14885,Kang Zhang,300,1811,78,52,403,10,
2311128905,14300,William E. Higgins,227,4496,29,427,253,9,
2570261396,14691,Chris Shaw,151,2184,40,216,456,12,
1185234378,14214,Julita Vassileva,299,5365,20,993,224,8,
110159255,16273,Tatiana von Landesberger,71,665,25,614,402,8,
259421104,14814,Norbert Podhorszki,153,2777,21,842,833,9,
2140022242,14283,Bongshin Lee,239,5986,84,46,2197,24,
2107357764,12813,William M. Wells,314,17143,21,867,2379,12,
2134708163,14325,Andrew J. Hanson,117,4870,32,362,648,14,
2135188225,14993,Chi Wing Fu,181,2637,33,331,395,12,
2230366395,13801,Kazuyoshi Takayama,633,5476,66,81,580,14,
1975963237,14619,Renato Pajarola,161,3782,34,317,958,12,
2111718706,15504,Liqiu Meng,167,1033,21,856,116,6,
2046653803,13381,Benjamin B. Bederson,179,11216,20,972,923,10,
2074933828,16051,Ronald Metoyer,63,850,23,691,177,5,
2420604264,14068,Xiangyu Wang,436,5989,28,466,552,14,
2079969273,14182,Allen D. Malony,293,4626,35,292,610,14,
2049716498,15358,Adam Perer,62,2334,24,642,1010,13,
2465810700,15045,Rae A. Earnshaw,152,1641,23,686,358,9,
73181535,15565,Tino Weinkauf,105,1717,30,421,957,16,
2225733586,12433,Pat Hanrahan,253,28070,26,562,1492,16,
341124269,15765,Cristian A. Linte,143,442,26,534,132,7,
147437819,16032,Pascal Fallavollita,92,696,26,569,226,9,
2145075537,14360,Cecilia Aragon,200,4572,21,812,163,8,
2052614558,15483,Brian S. Thurow,143,1255,39,231,537,11,
2242823020,16238,Kai Xu,79,497,28,462,198,8,
2305423983,15666,B. L. William Wong,150,702,27,519,183,8,
2004445387,15202,Tom Peterka,131,1747,48,156,770,15,
2169083300,16029,Stefan Seipel,107,388,29,437,169,7,
2043574948,15009,Raghu Machiraju,180,2525,37,251,487,12,
2104469161,16195,Guoning Chen,63,876,31,375,404,10,
2134310558,15348,Eugene Zhang,90,2223,34,308,786,11,
2011313876,14601,Marian Bubak,340,2305,20,998,143,8,
122205434,14197,Shusaku Tsumoto,521,3459,23,725,121,4,
1227402686,15212,Marco Callieri,107,1993,23,726,531,12,
2160375722,16468,Brent L. Hadley,59,394,23,713,119,6,
1775123508,15468,Dewey Odhner,90,1415,26,570,496,11,
2000727045,14211,Supun Samarasekera,102,4960,22,782,926,13,
2087933756,15432,J. Edward Swan,97,1529,25,606,406,11,
718039462,13530,Maneesh Agrawala,224,12011,36,269,3118,24,
17801002,15293,Thomas L. Naps,62,1613,21,877,928,12,
2296913293,15869,Susumu Date,120,469,23,697,81,5,
2003201492,16317,Christian Rohrdantz,58,647,21,889,284,9,
2095457205,15780,ZdenÄ›k StachoÅˆ,168,324,34,304,70,5,
1459769962,15298,Guido RÃ¶ÃŸling,119,1273,22,789,782,11,
2057140656,15011,William Puech,256,1647,37,248,136,5,
133076123,14838,Stefan Gumhold,95,2682,23,728,306,9,
1711454955,14139,Fotis Sotiropoulos,415,7713,20,988,406,11,
2039389676,15115,Melanie Tory,103,2636,35,294,341,12,
2133649610,13237,Guang Zhong Yang,930,16747,43,193,720,17,
213850259,14938,Holger Theisel,194,3033,69,73,1594,25,
2250259089,15836,Amir H. Behzadan,84,1164,22,765,555,14,
415517593,14133,Abbas Rajabifard,430,4156,21,838,192,7,
2168469989,15069,Walter Didimo,207,1922,22,800,169,7,
2173309013,14647,Thomas Villmann,299,3818,21,897,366,10,
2081123835,15520,Ming C. Hao,129,1349,67,80,723,13,
1970846384,16341,Bernd Hentschel,77,379,36,268,252,9,
2112675705,16314,Hiromichi Obara,101,221,20,969,9,2,
1973676801,16449,David L. Kao,37,464,31,382,442,8,
2509178785,15927,Takayuki Yamagata,134,369,24,680,68,4,
2142816363,13260,Morteza Gharib,610,17089,31,391,1407,16,
2223092805,13868,Mohamed Gad el Hak,257,8166,23,700,831,13,
1890083705,13658,Ulrich Neumann,250,8465,25,619,640,10,
1919056314,15640,Joseph A. Insley,61,670,30,404,342,9,
2116391462,15234,Nobuyuki Takenaka,217,867,43,189,131,7,
2168906395,15724,Eliot Winer,140,935,32,354,251,6,
347101016,14472,Michael E. Papka,198,2693,74,62,1311,19,
2489418703,15841,Ying Zhu,73,940,31,377,176,6,
2609326453,14290,Uwe Hampel,389,3357,29,456,341,11,
2124166521,15395,Soonhung Han,204,702,21,818,156,4,
2776117567,16817,Nadia Boukhelifa,34,414,20,905,305,8,
1995659342,13747,Donald Rockwell,302,7688,50,140,856,16,
2422154356,11599,James G. Fujimoto,1299,79249,26,537,1390,6,
2124146674,16331,Souichi Saeki,108,81,41,207,7,2,
2112235554,16327,Sergio R. Martig,100,85,21,857,31,3,
2303276836,15881,Silvia Mabel Castro,158,141,27,511,42,3,
1135155970,14148,Abdulmotaleb El Saddik,481,5807,22,776,118,6,
1992321294,14732,Andrei Zinovyev,192,3717,28,476,551,12,
337970077,13465,Emmanuel Barillot,271,11042,21,836,590,10,
2131873231,13060,Mohan M. Trivedi,572,18844,32,358,510,14,
2308356356,14720,Holger Babinsky,262,2814,24,662,460,9,
2044106535,14916,Yuichi Murai,286,1549,44,178,192,8,
2115800547,15257,Yuji Tasaka,266,691,29,454,85,4,
2121143492,16536,Kristin Potter,32,793,21,873,593,11,
2125847861,16248,Paul Rosen,74,539,25,579,314,8,
2305970137,15183,Michelle X. Zhou,138,2221,20,910,718,12,
2075561300,13182,Stephen M. Pizer,352,10988,20,958,699,11,
2196043388,12773,Henry Fuchs,326,13265,40,219,2405,22,1
2024915540,14553,Michael Milford,268,4413,25,613,1426,11,
2096321700,13871,Hanqing Lu,496,8912,24,630,293,9,
2337008386,14749,Jung Ryul Lee,261,2202,29,428,117,5,
1259231858,14804,Farrukh S. Alvi,202,2937,25,615,923,13,
74604451,14233,Oliver Deussen,256,5817,52,129,991,16,
2215636363,14150,Yen Wei Chen,637,2760,26,560,79,5,
2138528515,13988,Anders Persson,421,8258,24,655,331,8,
2259790737,14979,Bei Wang,263,2165,28,463,270,7,
2109836193,15993,Angus G. Forbes,123,491,36,270,212,8,
2234200734,14989,Tee Tai Lim,112,2571,29,445,1336,13,
2143490654,16219,Yun Jang,60,749,21,811,442,12,
2149341496,12395,Shih Fu Chang,647,34348,23,715,1290,13,
2109384075,16118,Katsumi Aoki,108,166,27,496,17,3,
2163779019,14905,Shinji Shimojo,295,990,22,798,35,4,
1983665251,16898,Mel Krokos,48,185,33,323,146,8,
2091577687,16025,Denis Kalkofen,58,1042,23,693,551,13,
2106192055,13651,Cynthia A. Toth,517,11858,20,978,279,9,
2289765131,12697,Joseph A. Izatt,663,28812,37,263,549,12,
2309436987,14428,Robert M. Kirby,274,4746,36,267,781,16,
2160663097,13310,Tat Seng Chua,585,19398,22,796,1205,14,
2147527991,14747,Kemper Lewis,276,3064,22,809,304,11,
2601187691,15466,Christina Bloebaum,94,1360,27,516,356,9,
263819940,12220,Bernd Girod,630,26619,23,706,818,10,
2124403868,15140,Mamoru Ozawa,259,511,26,547,84,6,
2502237383,16823,Li Chen,45,205,27,517,186,7,
326437611,14613,Anastasios Doulamis,325,3156,21,834,199,8,
428385884,14450,Paul A. Fishwick,222,3575,31,384,179,8,
2344498194,16941,Jorji Nonaka,48,101,25,595,48,3,
2121561944,13503,Timothy W. Simpson,434,15173,27,499,578,10,
1988296216,16341,Ryu ichiro Ohyama,89,167,22,770,33,3,
2294614697,14845,Masahiro Takei,392,1005,42,202,291,3,
2062765584,15069,Nashwan Dawood,222,1604,41,203,374,10,
2122885999,15181,Takashi Yamane,327,1283,69,149,715,13,
2142144847,16162,Takahiro Kiwata,131,5,20,922,68,4,
78288405,15420,Florian Mansmann,66,2287,28,488,1153,15,
2055603077,14099,Christian Bischof,298,4358,20,976,186,7,
390930505,13805,Masaru Kitsuregawa,548,5767,23,748,138,8,
2073389685,15194,Atilla Peter Kiraly,155,1803,31,370,304,11,
2461098572,15817,Georges Pierre Bonneau,88,1006,21,850,557,9,
674908680,16658,Kuno Kurzhals,41,568,25,590,494,12,
2106645339,15485,Inkyu Moon,129,1430,25,603,433,8,
29013732,15640,Gordon Clapworthy,138,820,31,376,131,6,
2105740368,15122,Mario Costa Sousa,168,2166,36,272,222,8,
2165213394,17158,Jun Tao,35,196,25,586,155,8,
1999569177,14370,Kevin Cleary,242,4889,21,888,800,9,
2046227366,14428,Toru Masuzawa,397,1888,21,860,320,10,
2166064690,15269,Shuichiro Hirai,246,856,22,799,51,3,
2155423936,12978,Enrico Bertini,852,27227,39,223,1029,16,
2096377446,13670,Kiyoharu Aizawa,681,5129,25,607,202,6,
2118406245,15765,Jing Yang,62,1360,31,371,700,15,
2174886271,15905,Ye Zhao,81,1034,24,625,173,7,
2087690876,16369,Michael Krone,66,663,45,176,515,12,
2111947941,15206,Martin Falk,217,1717,20,967,227,9,
2135764799,14090,Kozo Fujii,488,3965,22,791,86,3,
2158492378,15851,Paulo Dias,122,538,23,712,54,4,
2142771721,16495,Jonathan Woodring,44,652,20,923,317,11,
1954225133,15460,Masaaki Kawahashi,173,806,42,200,505,6,
2007409689,15517,Hiroyuki Hirahara,202,374,37,259,133,5,
1970486785,14970,Nobuyuki Fujisawa,289,1136,71,66,463,11,
2305873642,16254,Sabrina Bresciani,89,474,30,425,230,7,
2117127927,12642,Brad A. Myers,457,20126,24,638,1077,11,1
1879266857,15444,Nathalie Henry Riche,95,2042,41,210,1255,18,
1588343227,14687,Harald Reiterer,341,2486,32,352,399,10,
2157642519,14862,Kiyoshi Kiyokawa,231,1667,22,794,222,7,
1809143268,12310,Elliot K. Fishman,1478,41599,20,990,288,9,
2185953963,16282,Hans JÃ¶rg Schulz,47,851,31,369,733,15,
2063339990,15824,Tomasz Bednarz,125,500,37,249,157,6,
2145662480,16188,Chang Lin,72,597,24,657,208,8,
2198039525,12861,Marc Pollefeys,557,21527,32,364,1031,15,
2129012084,12058,Joseph Katz,1550,41239,20,926,596,13,
2099729717,15106,Shuichi Torii,316,635,32,345,31,3,
2166087681,14641,Yukio Ohsawa,320,2359,31,389,255,7,
274210153,16053,Theodor Wyeld,121,242,21,903,54,4,
165365151,15707,Christopher J. Fluke,110,1564,24,675,127,6,
2116214042,15924,Feng Dong,105,796,22,757,52,4,
655325276,13765,Peter M. A. Sloot,619,7171,24,666,235,8,
2196251779,15395,Christian Sandor,136,1295,27,512,462,12,
2116811638,14867,Shuqiang Jiang,237,2627,30,411,430,10,
2613073306,14742,Marcus Magnor,268,2753,29,457,469,12,
2071984077,13369,Mary Czerwinski,314,14231,38,247,1843,19,1
2924299326,15475,Masahiro Nishida,136,641,40,217,383,12,
2039801083,13804,Tao Mei,437,11993,36,274,1364,18,
2102763880,13386,Mamoru Ishii,388,12853,30,409,519,12,
2136378688,14616,Ali Borji,165,6613,20,919,2397,12,
2790038702,15974,Hantao Liu,82,896,21,845,354,7,
2138221895,15927,Marc Streit,72,1133,44,180,849,16,
387219559,16554,G. Elisabeta Marai,63,414,24,665,181,7,
249374320,15277,Mark Hereld,116,1397,23,681,441,10,
2618893480,13032,Rick Stevens,190,20974,21,830,652,12,
2131585752,14823,Kuanquan Wang,298,2370,20,927,66,5,
2133456102,13822,Peter V. Coveney,523,10788,20,929,202,8,
2152403400,16224,Matthias Trapp,84,456,35,285,290,9,
258783921,13814,Holly Rushmeier,208,6112,20,949,337,7,
302613003,15309,Sudhir P. Mudur,148,1016,21,833,120,5,
691928724,14103,Alberto Del Bimbo,430,6008,20,916,246,9,
92116197,16416,Gilles GesquiÃ¨re,79,261,26,536,123,6,
2161150395,14598,Guangtao Zhai,302,4296,41,209,1143,14,
2114998919,16827,Steffen Frey,50,216,24,632,115,6,
2116268014,13681,Weisi Lin,513,12266,73,65,2843,27,
2000216820,15245,Ã‡agatay Demiralp,52,2201,23,731,565,10,
2000392840,14753,Katrien Verbert,155,3179,25,609,501,8,
2131084071,14523,David Dagan Feng,304,3568,21,825,171,5,
2160608855,15629,John Moore,89,819,20,934,180,9,
2164698388,16411,Nao Ninomiya,64,741,25,585,723,3,
2003962563,15338,Tomohide Niimi,225,605,26,568,54,4,
2107070739,13100,Xuelong Li,893,29319,34,301,1211,17,1
301623536,15680,Oliver Kreylos,103,1141,27,533,459,13,
2102875885,12664,Ronald K. Hanson,1102,26834,34,300,762,15,
2140237979,14826,James H. Cross,92,2692,27,503,171,7,
2264186551,17126,Aritra Dasgupta,27,353,21,901,293,9,
2162262327,14206,Russell M. Taylor,147,5379,24,659,650,10,
2289414603,13694,Elke A. Rundensteiner,537,8782,43,192,1047,15,
2139022045,14267,Kim Marriott,254,5075,22,793,421,12,
2296023041,13805,Akira Hirose,722,6412,21,900,503,7,
1991196893,14841,Narayanan Komerath,273,1478,22,771,195,7,
2154306252,16761,Jian Zhao,27,582,21,824,323,9,
2111177146,14756,Shixia Liu,162,4354,63,89,2341,25,
2553677427,15073,Zhenzhong Chen,188,2351,23,682,329,7,
2307725321,14831,Karrie Karahalios,145,3188,38,244,904,15,
2580360802,16173,Margit Pohl,92,475,29,430,163,8,
2142848257,14043,Hausi A. MÃ¼ller,223,6359,29,438,1569,20,
2012548583,12772,Ioannis Pitas,792,19201,20,999,207,7,
117170032,12811,George Em Karniadakis,788,29881,20,992,617,11,
2497316212,16589,Jean Baptiste Lamy,53,328,20,946,73,6,
482874246,14586,Wolfgang Stuerzlinger,227,3527,22,751,258,6,
204511207,14661,Ugo Becciani,165,4158,29,453,129,6,
2107642149,15892,Andrew Fish,108,724,23,696,100,6,
2441381462,13831,Sanghoon Lee,621,5495,28,467,326,9,
1969057230,14740,Stefania Serafin,346,2102,22,774,147,6,
1982327768,14209,Petia Radeva,414,5263,27,524,439,12,
1986472849,15440,Luis Gustavo Nonato,145,1583,41,212,615,14,
1985594367,15420,Kenneth Moreland,89,1505,46,165,817,12,
2122099291,14772,John E. Stone,72,4621,30,396,799,14,
80170140,15231,Kazuo Misue,108,1342,35,286,266,6,
2065625292,15246,Ke Gu,143,2763,36,278,1319,18,
2101712336,14528,Tiejun Huang,322,3564,30,408,450,14,
2110484598,14058,Doug A. Bowman,218,7676,49,144,1938,21,
2114960163,14463,Yoshifuru Saito,354,860,61,98,25,3,
2121069363,12773,Wen Gao,1262,23751,46,169,983,18,
2134010418,14851,Shiqi Wang,238,2981,32,361,730,13,
2160793492,14635,Ling Yu Duan,238,3570,20,935,196,6,
2473379516,15690,Seiji Hayano,128,216,31,383,13,2,
2011713265,13089,Touradj Ebrahimi,596,15935,41,211,1659,13,
287281087,15460,Olga Sourina,126,1779,20,943,406,9,
2425077748,13486,Richard J Goldstein,238,8114,25,594,1178,14,
1992123826,15811,Sean Ahern,32,1091,23,742,278,7,
2103046064,16304,Alessandro Costa,84,428,22,754,122,6,
2149697424,16389,Guido Reina,68,518,34,306,327,10,
2171021922,15246,Yuming Fang,143,2645,30,415,804,14,
16573596,14844,Hiroshige Kikura,332,1201,28,477,25,3,
1973679749,14249,Ioannis Kompatsiaris,462,4623,34,316,340,10,
2002442776,14597,Masanori Aritomi,330,1757,23,732,11,2,
2147723296,15319,Xiaoru Yuan,140,2119,64,85,679,14,
2646037229,16827,Jie Liang,46,422,23,705,165,7,
2124136419,14398,David L. Wilson,343,3517,34,310,329,10,
2057080714,15747,Mircea Lungu,104,1185,24,633,536,12,
1246156588,16008,Masahiro Takatsuka,72,669,22,778,368,6,
2147008306,14115,Chong Wah Ngo,262,7298,21,815,414,10,
2134211256,15104,Feng Shao,202,1574,20,931,219,11,
2162420529,14514,Gangyi Jiang,361,2313,20,918,205,10,
2296898667,15552,Rosane Minghim,108,1824,53,127,715,12,
2462382856,15506,Oliver Rubel,49,949,20,912,229,7,
2165386180,13728,Xiaokang Yang,462,10365,27,506,1327,14,
2037293894,14882,Hongen Liao,240,2065,25,601,201,8,
2106994032,16158,Anna Puig,90,448,20,979,127,6,
2308954626,16715,Danilo Medeiros Eler,62,214,25,596,121,6,
2112690490,13703,Jeffrey Heer,164,11790,69,74,8491,38,
2164878939,14452,Baoquan Chen,215,5063,23,710,241,9,
2209975384,15053,Chris Weaver,89,2957,27,515,706,12,
427440905,14309,Stephen G. Kobourov,343,4450,37,257,835,16,
2161355875,16733,Alark Joshi,48,362,25,589,169,7,
2152709933,15560,Voicu Popescu,117,1088,29,441,119,7,
2309726537,14129,Ioannis G. Tollis,168,5032,30,426,1858,9,
2136032002,13880,Gabor Fichtinger,468,7673,40,222,915,15,
2129930771,14509,Richang Hong,227,7412,28,473,1093,15,
2300598665,14029,Meng Wang,389,12096,37,264,1905,20,
2124784654,13651,Ross T. Whitaker,274,9392,33,328,956,15,
416106927,13938,Max MÃ¼hlhÃ¤user,711,4389,21,839,105,7,
1988215978,12518,Roland Siegwart,1092,30088,29,436,780,15,
2230662789,14013,Stephen G. Eick,113,5244,28,459,1122,16,
2021940073,14381,Anatole LÃ©cuyer,243,5859,37,260,1277,16,
2148380128,15536,Jaegul Choo,116,1863,21,822,273,9,
2114517036,14740,Mateu Sbert,269,3000,28,495,163,9,
2164010038,15946,Carlos D. Correa,59,1325,28,472,887,17,
2146842387,14133,Shinichi Satoh,384,4571,34,307,215,8,
2250181789,16067,Benjamin Weyers,119,377,22,764,125,7,
1221219011,13682,Samuel Kaski,497,9659,33,326,1088,17,
2169748419,14525,Tien Tsin Wong,215,4367,21,895,166,8,
2055039322,15147,Huy T. Vo,69,2256,20,975,1609,12,
2145897939,15661,Suresh K. Lodha,51,1378,21,813,986,11,
725429779,13497,FranÃ§ois Chaumette,273,12034,21,831,352,9,
2270918514,15876,Eckart Lange,76,1214,29,449,726,13,
192274276,13314,JÃ¼rgen Bajorath,784,19149,23,738,177,7,
2168527748,13790,Huchuan Lu,293,13721,30,399,2432,20,
2137291500,14214,Rongrong Ji,377,7573,27,502,1008,12,
2115422217,16723,Martin Graham,36,440,26,550,398,10,
2147236103,15278,Gun A. Lee,135,1596,31,394,277,8,
2461031361,15486,Sebastian Vogt,98,1575,21,849,516,13,
2537308940,15717,Jian Huang,79,1172,47,161,439,14,
2312044665,16000,John R. Goodall,55,879,21,848,325,11,
178069865,14194,Oliver Kohlbacher,312,10192,21,878,984,12,
350199980,15293,Marc Baaden,138,3240,23,747,490,10,
170072994,15513,JoÃ£o L. D. Comba,109,1277,28,478,266,10,
2065765218,14001,Mary Hegarty,192,11869,24,635,1674,15,
286406747,13453,Marcel Worring,327,12432,30,420,536,12,
2109400951,16603,Yaoping Hu,58,376,20,964,69,5,
2033870557,16439,Cagatay Turkay,63,561,21,894,273,8,
2619264498,15932,Andreas Schreiber,79,603,20,937,79,6,
2144833106,12477,Shuicheng Yan,765,40541,33,329,1678,19,1
2310357739,15518,Kiyoshi Horii,196,187,51,137,11,2,
2140258171,16601,Johanna Beyer,35,638,23,722,529,12,
2006506007,14439,Kerry Hourigan,357,4559,20,997,410,12,
2133588961,16734,Makoto Oki,53,161,20,930,52,3,
2142182795,15984,Karsten Klein,80,1023,30,395,334,8,
2303263319,16377,Theresa Marie Rhyne,56,413,46,167,291,9,
1998185443,15729,Juan Antonio Juanes MÃ©ndez,167,437,21,887,55,4,
2184531552,15874,Mike Bailey,95,586,24,626,227,7,
2017391874,15553,Michael J. McGuffin,56,1741,22,784,1038,11,
2157095084,12104,Antonio Torralba,332,45716,27,505,8032,19,
2310626402,13366,BenoÃ®t Macq,542,9080,21,852,210,7,
2146164273,16116,Steffen Koch,56,790,22,807,399,11,
2119332700,14226,Katsuro Inoue,357,4356,21,870,382,8,
27377996,12424,Henning Hermjakob,321,48812,20,904,815,12,
1421201823,16360,ÄŒenÄ›k Å aÅ¡inka,88,191,23,729,77,6,
2098652694,16844,Kyungwon Lee,54,145,33,339,49,4,
2122551673,16807,Tobias GÃ¼nther,57,244,25,578,138,7,
2158734040,15846,Maria Cristina Ferreira de Oliveira,107,953,33,332,320,9,
2123408939,15864,Fanny Chevalier,90,1096,24,651,460,11,
2126101459,13138,Jie Yang,930,23895,28,468,411,11,
2171354718,12418,Mubarak Shah,536,38990,20,952,1158,13,
2137243443,14016,Toshiaki Setoguchi,475,3146,22,792,15,2,
2311940500,16591,Daisuke Matsuoka,55,125,23,685,24,3,
2139473605,13607,Chunhua Shen,540,14598,26,541,914,19,
2152283363,14063,Anton van den Hengel,314,9211,23,717,890,17,
2071059012,15850,Tze How New,106,969,27,501,435,13,
2059910451,13227,Jiebo Luo,694,17187,34,299,1198,16,1
2155536069,14110,Yongdong Zhang,440,7289,31,390,585,12,
2172281910,14253,Stephen C. North,78,4948,24,624,1900,15,
272170598,15507,Alex Endert,101,1746,57,117,1224,20,
287829391,16077,Eric D. Ragan,81,823,23,708,361,9,
2079150322,13894,Wangmeng Zuo,378,10918,24,628,703,9,
2299437103,12594,Lei Zhang,934,40975,38,237,1224,13,
2102662993,13934,Junsong Yuan,332,9115,26,557,396,10,
310679509,12073,Alan C. Bovik,780,58093,37,256,2606,13,
2101428169,14318,Joseph J. LaViola,204,5381,25,600,536,9,
1732002837,15232,Theodore J. Heindel,182,2317,22,790,378,8,
2671904776,16066,Takumi Washio,111,461,20,938,8,1,
2115571276,14777,Luis P. Bernal,149,2489,24,636,955,10,
2028271254,16717,Matthew Brehmer,31,506,21,893,465,8,
2009084615,14542,Scott Klasky,214,4172,39,230,1346,14,
2051372983,15892,Marco DAmbros,46,1562,20,973,358,12,
2168344630,16474,Bianchi Serique Meiguins,81,168,30,398,69,4,
2140209713,15604,Christopher Collins,65,1635,34,309,1132,14,
2227253382,12784,Xiaogang Wang,338,33333,23,702,1927,19,
2156474971,15294,Thomas Schultz,146,2544,20,932,228,8,
2116717946,13744,Qingming Huang,550,8604,50,139,1406,18,
2152823110,14522,Hongxun Yao,338,4640,24,647,984,12,
2673033531,15026,Yang Yang,216,3969,20,939,459,12,
2165599877,14240,Xian Sheng Hua,276,6773,26,542,1007,17,
2224605647,13585,JongWon Kim,904,6585,20,954,60,4,
1132515649,14830,Giuseppe Carenini,156,3111,23,723,493,11,
2123438108,14506,Srinivas Garimella,233,5061,27,504,504,10,
2148914699,15602,Jiawan Zhang,130,980,23,714,64,4,
2406723774,14873,Paul M. Danehy,218,2400,37,265,421,14,
2205162176,13355,Jeffrey H. Siewerdsen,559,12738,27,513,293,9,
2113885942,15633,Miriah Meyer,71,1583,34,297,1022,18,
1821145341,15355,Faramarz Samavati,159,1605,21,883,99,5,
2126481209,14146,Alexander Wong,582,6016,22,797,115,6,
60800564,16306,Marian DÃ¶rk,38,741,23,743,469,9,
2142547891,13932,Ling Shao,487,11771,36,279,1102,17,
2205887465,13309,Lambertus Hesselink,449,11388,32,365,652,13,
2104129307,12878,Dacheng Tao,1100,38303,43,188,2355,22,1
1167787926,15809,Kresimir Matkovic,100,943,33,325,455,11,
2024442029,15715,Fernando V. Paulovich,88,1577,34,315,661,13,
2054530053,14076,Hans Torp,280,7226,20,974,189,7,
2152398198,15275,AntÃ³nio M. Lopes,204,1686,22,802,166,6,
2297569978,13757,J. A. Tenreiro Machado,600,11202,24,627,155,6,
2122383799,15302,Penousal Machado,187,1388,24,650,55,5,
2572481585,15441,Akira Kageyama,138,1372,36,281,132,6,
2303020434,16286,Yasuki Nakayama,81,205,28,461,17,3,
2118392113,14059,Reinhard Schneider,175,9883,23,695,1388,14,
1993670098,16354,Jessica Hullman,48,766,24,674,520,12,
2112462370,12373,Ming Hsuan Yang,527,42747,36,271,3579,27,
2276031476,14339,Yoshiyuki Taenaka,464,2090,24,623,234,8,
2096604688,15277,Julio C. Martinez,68,1786,21,865,598,13,
252695556,12838,Steven Feiner,321,14566,30,418,3081,13,
2021196530,13416,John R. Thome,442,14870,21,892,1251,13,
2048481453,12673,Horst Bischof,747,27461,21,861,522,12,
2098617350,16034,Joe Ayres,69,1073,21,874,310,9,
1250704735,13319,C. C. Jay Kuo,907,10055,24,679,496,9,
2126187437,14199,Junwei Han,321,9557,24,652,1059,12,
2001448651,12293,Ephraim M Sparrow,766,23769,25,610,1002,15,
1518638123,13569,Issam Mudawar,281,14338,20,986,888,13,
2103608908,15900,Weiwei Cui,49,1566,31,374,1079,14,
2021419464,15220,Denis Gracanin,186,1350,26,564,301,8,
2175430514,15314,Ibrahim Hassan,187,1345,20,953,112,6,
2003408012,17031,Shinzaburo Umeda,85,55,47,611,33,3,
2344022959,14251,Paul A. Iaizzo,484,5301,20,907,26,3,
1775603343,16344,Barbora KozlÃ­kovÃ¡,73,863,35,289,307,8,
1484056470,13417,Ephraim Gutmark,767,9874,27,522,493,11,
2618525930,15770,Anwar E. Ahmed,140,954,26,558,343,8,
2122031388,17234,Jia Kun Chen,29,173,20,925,94,6,
2344905332,14649,Jochen Teizer,163,4811,20,908,895,12,
2120202076,13121,Ian Reid,411,18610,21,871,431,9,
1976127618,15724,Serhiy Yarusevych,136,1159,22,775,220,9,
1428825657,14302,Veerle Cnudde,437,5089,23,730,591,10,
2581263356,14745,Lei Shi,90,1937,33,344,342,12,
2309498492,17191,Hideo Miyachi,44,30,23,687,24,2,
2805412652,15065,T.F. Lin,101,2470,23,709,321,11,
1971724911,16929,Fumiaki Araki,41,83,20,1000,26,3,
2170254632,15656,Keizo Watanabe,120,620,20,950,70,5,
2026874867,16772,Tetsuhiro Tsukiji,57,57,20,983,32,3,
2123954037,12048,Larry S. Davis,677,35510,21,817,1261,13,
2034595988,15870,Alexander Lex,71,1589,35,290,1336,14,
2223275083,13667,Devi Parikh,239,13155,23,701,3539,16,
257767137,13254,Nils Gehlenborg,129,33994,37,258,1757,14,
1988903348,15909,Koichi Ichimiya,145,316,20,985,35,2,
709117735,14616,Miki Haseyama,481,1268,42,196,65,4,
2026617432,13415,Suresh V. Garimella,561,15775,29,434,1005,13,
2110342502,15687,Zhicheng Liu,47,1695,21,855,529,10,
2120873243,14743,Hong Hua,158,3980,21,872,374,10,
123419233,15114,Raimund Dachselt,175,2292,32,346,471,13,
2239304286,13154,Kristen Grauman,252,16298,27,510,2926,20,
141108112,14900,Adrienne GrÃªt Regamey,250,3757,20,996,136,6,
2100407811,15329,Takahiro Ogawa,267,534,38,245,60,4,
2157485457,14388,Hong Qin,336,4401,23,711,313,10,
1976188885,16689,Attila Barsi,49,245,29,432,137,7,
2103394594,15595,Michel A. Westenberg,80,1337,26,551,276,9,
2127938735,16006,Tsutomu Nozaki,121,170,29,443,11,2,
2112656704,14294,Yong Man Ro,393,4013,28,494,293,9,
2171996713,16608,Hanqi Guo,46,504,21,896,323,9,
2141644904,15585,Tetsuo Saga,115,778,22,805,279,5,
2080966806,13814,Eckehard Steinbach,414,5684,20,962,259,6,
2049396497,15251,Masaru Ishizuka,232,382,23,689,2,1,
2135752517,14304,Robert Ross,227,5436,21,819,333,11,
282921755,14815,Luc Van Hoorebeke,338,2354,21,846,290,5,
2167046150,17156,Takanori Saga,35,35,21,829,6,2,
2004349175,14854,Bettina Speckmann,261,2212,24,672,284,7,
2942445332,12476,Liang Li,2022,47557,32,363,193,5,
2110547101,14259,Kaiqi Huang,258,5714,20,965,707,11,
2174985400,11485,Trevor Darrell,584,82705,21,898,2731,15,
2116772828,14060,Heng Tao Shen,359,10067,24,637,772,12,
2013181858,17059,Bahador Saket,33,314,21,891,222,9,
2123564807,15139,Maria G. Martini,205,1601,30,397,158,7,
2511625672,16711,Peter A. Kara,53,228,31,379,117,6,
3206897746,15647,Jian Chen,98,1799,41,0,386,8,
